"id","ident","type","name","latitude_deg","longitude_deg","elevation_ft","continent","iso_country","iso_region","municipality","scheduled_service","gps_code","iata_code","local_code","home_link","wikipedia_link","keywords"
6523,"00A","heliport","Total RF Heliport",40.070985,-74.933689,11,"NA","US","US-PA","Bensalem","no","K00A",,"00A","https://www.penndot.pa.gov/TravelInPA/airports-pa/Pages/Total-RF-Heliport.aspx",,
323361,"00AA","small_airport","Aero B Ranch Airport",38.704022,-101.473911,3435,"NA","US","US-KS","Leoti","no","00AA",,"00AA",,,
6524,"00AK","small_airport","Lowell Field",59.947733,-151.692524,450,"NA","US","US-AK","Anchor Point","no","00AK",,"00AK",,,
6525,"00AL","small_airport","Epps Airpark",34.86479949951172,-86.77030181884766,820,"NA","US","US-AL","Harvest","no","00AL",,"00AL",,,
506791,"00AN","small_airport","Katmai Lodge Airport",59.093287,-156.456699,80,"NA","US","US-AK","King Salmon","no","00AN",,"00AN",,,
6526,"00AR","closed","Newport Hospital & Clinic Heliport",35.6087,-91.254898,237,"NA","US","US-AR","Newport","no",,,,,,"00AR"
322127,"00AS","small_airport","Fulton Airport",34.9428028,-97.8180194,1100,"NA","US","US-OK","Alex","no","00AS",,"00AS",,,
6527,"00AZ","small_airport","Cordes Airport",34.305599212646484,-112.16500091552734,3810,"NA","US","US-AZ","Cordes","no","00AZ",,"00AZ",,,
6528,"00CA","small_airport","Goldstone (GTS) Airport",35.35474,-116.885329,3038,"NA","US","US-CA","Barstow","no","00CA",,"00CA",,"https://en.wikipedia.org/wiki/Goldstone_Gts_Airport",
324424,"00CL","small_airport","Williams Ag Airport",39.427188,-121.763427,87,"NA","US","US-CA","Biggs","no","00CL",,"00CL",,,
322658,"00CN","heliport","Kitchen Creek Helibase Heliport",32.7273736,-116.4597417,3350,"NA","US","US-CA","Pine Valley","no","00CN",,"00CN",,,
6529,"00CO","closed","Cass Field",40.622202,-104.344002,4830,"NA","US","US-CO","Briggsdale","no",,,,,,"00CO"
6531,"00FA","small_airport","Grass Patch Airport",28.64550018310547,-82.21900177001953,53,"NA","US","US-FL","Bushnell","no","00FA",,"00FA",,,
6532,"00FD","closed","Ringhaver Heliport",28.8466,-82.345398,25,"NA","US","US-FL","Riverview","no",,,,,,"00FD"
6533,"00FL","small_airport","River Oak Airport",27.230899810791016,-80.96920013427734,35,"NA","US","US-FL","Okeechobee","no","00FL",,"00FL",,,
6534,"00GA","small_airport","Lt World Airport",33.76750183105469,-84.06829833984375,700,"NA","US","US-GA","Lithonia","no","00GA",,"00GA",,,
6535,"00GE","heliport","Caffrey Heliport",33.887982,-84.736983,957,"NA","US","US-GA","Hiram","no","00GE",,"00GE",,,
6536,"00HI","heliport","Kaupulehu Heliport",19.832881,-155.978347,43,"OC","US","US-HI","Kailua-Kona","no","00HI",,"00HI",,,
6537,"00ID","small_airport","Delta Shores Airport",48.145301818847656,-116.21399688720703,2064,"NA","US","US-ID","Clark Fork","no","00ID",,"00ID",,,
322581,"00IG","small_airport","Goltl Airport",39.724028,-101.395994,3359,"NA","US","US-KS","McDonald","no","00IG",,"00IG",,,
6538,"00II","closed","Bailey Generation Station Heliport",41.644501,-87.122803,600,"NA","US","US-IN","Chesterton","no",,,,,,"00II"
6539,"00IL","small_airport","Hammer Airport",41.978401,-89.560402,840,"NA","US","US-IL","Polo","no","00IL",,"00IL",,,"Radio Ranch"
6540,"00IN","heliport","St Mary Medical Center Heliport",41.51139831542969,-87.2605972290039,634,"NA","US","US-IN","Hobart","no","00IN",,"00IN",,,
6541,"00IS","small_airport","Hayenga's Cant Find Farms Airport",40.02560043334961,-89.1229019165039,820,"NA","US","US-IL","Kings","no","00IS",,"00IS",,,
6542,"00KS","small_airport","Hayden Farm Airport",38.72779846191406,-94.93049621582031,1100,"NA","US","US-KS","Gardner","no","00KS",,"00KS",,,
6543,"00KY","small_airport","Robbins Roost Airport",37.409400939941406,-84.61969757080078,1265,"NA","US","US-KY","Stanford","no","00KY",,"00KY",,,
45437,"00LA","heliport","Shell Chemical East Site Heliport",30.191944,-90.980833,15,"NA","US","US-LA","Gonzales","no","00LA",,"00LA",,,
6544,"00LL","heliport","Ac & R Components Heliport",39.66529846191406,-89.70559692382812,600,"NA","US","US-IL","Chatham","no","00LL",,"00LL",,,
6545,"00LS","small_airport","Lejeune Airport",30.136299,-92.429398,12,"NA","US","US-LA","Crowley","no","00LS",,"00LS",,,
6546,"00MD","small_airport","Slater Field",38.75709915161133,-75.75379943847656,45,"NA","US","US-MD","Federalsburg","no","00MD",,"00MD",,,
6547,"00MI","heliport","Dow Chemical Heliport",43.94940185546875,-86.41670227050781,588,"NA","US","US-MI","Ludington","no","00MI",,"00MI",,,
6548,"00MN","small_airport","Battle Lake Municipal Airport",46.29999923706055,-95.70030212402344,1365,"NA","US","US-MN","Battle Lake","no","00MN",,"00MN",,,
6549,"00MO","small_airport","Cooper Flying Service Airport",37.202800750732,-94.412399291992,970,"NA","US","US-MO","Alba","no","00MO",,"00MO",,,"5K8"
324642,"00MT","heliport","Livingston Healthcare Heliport",45.675,-110.52515,4465,"NA","US","US-MT","Livingston","no","00MT",,"00MT",,,
6551,"00N","small_airport","Bucks Airport",39.472998,-75.184346,105,"NA","US","US-NJ","Bridgeton","no","K00N",,"00N",,"https://en.wikipedia.org/wiki/Bucks_Airport",
6552,"00NC","small_airport","North Raleigh Airport",36.085201263427734,-78.37139892578125,348,"NA","US","US-NC","Louisburg","no","00NC",,"00NC",,,
6553,"00NJ","heliport","Colgate-Piscataway Heliport",40.52090072631836,-74.47460174560547,78,"NA","US","US-NJ","New Brunswick","no","00NJ",,"00NJ",,,
321919,"00NK","seaplane_base","Cliche Cove Seaplane Base",44.8118612,-73.3698057,96,"NA","US","US-NY","Beekmantown","no","00NK",,"00NK",,,
506039,"00NR","heliport","Rodanthe Dare County Heliport",35.594729,-75.470002,8,"NA","US","US-NC","Rodanthe","no","00NR",,"00NR",,,
6554,"00NY","small_airport","Weiss Airfield",42.89576,-77.495263,1000,"NA","US","US-NY","West Bloomfield","no","00NY",,"00NY",,,
6555,"00OH","closed","Exit 3 Airport",41.590476,-84.141583,785,"NA","US","US-OH","Wauseon","no",,,,,,"64D, 00OH"
6556,"00OI","heliport","Miami Valley Hospital Heliport",39.745091,-84.187278,905,"NA","US","US-OH","Dayton","no","00OI",,"00OI",,,
328503,"00OK","small_airport","Gull Bay Landing Airport",36.198598,-96.217693,960,"NA","US","US-OK","Sandsprings","no","00OK",,"00OK",,,
6557,"00OR","heliport","Steel Systems Heliport",44.932899475097656,-123.12999725341797,195,"NA","US","US-OR","Salem","no","00OR",,"00OR",,,
6558,"00PA","heliport","R J D Heliport",39.94889831542969,-75.74690246582031,402,"NA","US","US-PA","Coatesville","no","00PA",,"00PA",,,
45773,"00PN","small_airport","Ferrell Field",41.2995,-80.211111,1301,"NA","US","US-PA","Mercer","no","00PN",,"00PN",,,
6559,"00PS","closed","Thomas Field",40.3778,-77.365303,815,"NA","US","US-PA","Loysville","no",,,,,,"00PS"
6560,"00S","small_airport","McKenzie Bridge State Airport",44.181466,-122.086,1620,"NA","US","US-OR","Blue River","no","K00S",,"00S",,"https://en.wikipedia.org/wiki/McKenzie_Bridge_State_Airport",
6561,"00SC","small_airport","Flying O Airport",34.0093994140625,-80.26719665527344,150,"NA","US","US-SC","Sumter","no","00SC",,"00SC",,,
330391,"00SD","small_airport","Homan Field",44.809158,-96.498897,1590,"NA","US","US-SD","Gary","no","00SD",,"00SD",,,
6562,"00TA","closed","SW Region FAA Heliport",32.8269,-97.305801,598,"NA","US","US-TX","Fort Worth","no",,,,,,"00TA"
6563,"00TE","heliport","Tcjc-Northeast Campus Heliport",32.847599029541016,-97.18949890136719,600,"NA","US","US-TX","Fort Worth","no","00TE",,"00TE",,,
6564,"00TN","closed","Ragsdale Road Airport",35.515618,-85.954256,1100,"NA","US","US-TN","Manchester","no",,,,,,"00TN"
6565,"00TS","small_airport","Alpine Range Airport",32.607601165771484,-97.24199676513672,670,"NA","US","US-TX","Everman","no","00TS",,"00TS",,,
516563,"00TT","small_airport","Nowhere Airport",34.516606,-99.93694,1752,"NA","US","US-TX","Goodlett","no","00TT",,"00TT",,,
6566,"00TX","closed","San Jacinto Methodist Hospital Heliport",29.7377,-94.980201,19,"NA","US","US-TX","Baytown","no",,,,,,"00TX"
6567,"00UT","closed","Clear Creek Ranch Airport",37.24777,-112.822981,6138,"NA","US","US-UT","Kanab","no",,,,,,"00UT, U21"
6568,"00VA","small_airport","Vaughan Airport",36.574964,-78.998437,551,"NA","US","US-VA","Alton","no","00VA",,"00VA",,,
6569,"00VI","small_airport","Groundhog Mountain Airport",36.663299560546875,-80.49949645996094,2680,"NA","US","US-VA","Hillsville","no","00VI",,"00VI",,,
6570,"00W","small_airport","Lower Granite State Airport",46.672884,-117.441933,719,"NA","US","US-WA","Colfax","no","K00W",,"00W","http://www.wsdot.wa.gov/aviation/AllStateAirports/Colfax_LowerGraniteState.htm",,"0WA0"
6571,"00WA","small_airport","Howell Airport",47.17839813232422,-122.77200317382812,150,"NA","US","US-WA","Longbranch","no","00WA",,"00WA",,,
6572,"00WI","small_airport","Northern Lite Airport",44.304298400878906,-89.05010223388672,860,"NA","US","US-WI","Waupaca","no","00WI",,"00WI",,,
6573,"00WN","small_airport","Hawks Run Airport",46.25,-117.2490005493164,2900,"NA","US","US-WA","Asotin","no","00WN",,"00WN",,,
6574,"00WV","small_airport","Lazy J. Aerodrome",38.82889938354492,-79.86609649658203,2060,"NA","US","US-WV","Beverly","no","00WV",,"00WV",,,
322300,"00WY","heliport","Mountain View Regional Hospital Heliport",42.840361,-106.224443,5210,"NA","US","US-WY","Casper","no","00WY",,"00WY",,,
525140,"00XA","small_airport","Weeski Ranch Airport",30.224,-96.01417,271,"NA","US","US-TX",,"no","00XA",,"00XA",,,
6575,"00XS","closed","L P Askew Farms Airport",33.033401,-101.933998,3110,"NA","US","US-TX","O'Donnell","no",,,,,,"00XS"
6576,"01A","small_airport","Purkeypile Airport",62.940833,-152.269722,2041,"NA","US","US-AK","Purkeypile","no","K01A",,"01A",,,
6577,"01AK","heliport","Providence Seward Medical Center Heliport",60.105873975399994,-149.446249008,120,"NA","US","US-AK","Seward","no","01AK",,"01AK",,,
6578,"01AL","small_airport","Ware Island Airport",32.94599914550781,-86.51390075683594,344,"NA","US","US-AL","Clanton","no","01AL",,"01AL",,,
356168,"01AN","small_airport","McHone Heights Airport",61.649095,-149.339025,610,"NA","US","US-AK","Wasilla","no","01AN",,"01AN",,,
6579,"01AR","heliport","DeQueen Medical Center Heliport",34.047456,-94.354023,440,"NA","US","US-AR","DeQueen","no","01AR",,"01AR",,,"Community Hospital of DeQueen Heliport"
6580,"01AZ","heliport","Yat Heliport",34.607406,-111.8609,3300,"NA","US","US-AZ","Camp Verde","no","01AZ",,"01AZ",,,
6581,"01C","closed","Grant Airport",43.341701507568,-85.775001525879,815,"NA","US","US-MI","Grant","no",,,,,"https://en.wikipedia.org/wiki/Grant_Airport","01C, 01C, 01C"
6582,"01CA","heliport","SCE Lugo Substation Heliport",34.368241,-117.370059,3733,"NA","US","US-CA","Hesperia","no","01CA",,"01CA",,,
6583,"01CL","small_airport","Swansboro Country Airport",38.7999,-120.734001,2594,"NA","US","US-CA","Placerville","no","01CL",,"01CL",,"https://en.wikipedia.org/wiki/Swansboro_Country_Airport",
6584,"01CN","closed","Los Angeles County Sheriff's Department Heliport",34.0378,-118.153999,300,"NA","US","US-CA","Los Angeles","no",,,,,,"01CN"
6585,"01CO","heliport","St Vincent General Hospital Heliport",39.24530029296875,-106.24600219726562,10175,"NA","US","US-CO","Leadville","no","01CO",,"01CO",,,
6586,"01CT","heliport","Berlin Fairgrounds Heliport",41.62730026245117,-72.72750091552734,60,"NA","US","US-CT","Berlin","no","01CT",,"01CT",,,
6587,"01FA","small_airport","Rybolt Ranch Airport",28.589399337768555,-81.14420318603516,55,"NA","US","US-FL","Orlando","no","01FA",,"01FA",,,
6588,"01FD","heliport","Advent Health Altamonte Springs Heliport",28.666639,-81.3697,86,"NA","US","US-FL","Altamonte Springs","no","01FD",,"01FD",,,"Florida Hospital-Altamonte"
6589,"01FL","small_airport","Cedar Knoll Flying Ranch Airport",28.78190040588379,-81.1592025756836,19,"NA","US","US-FL","Geneva","no","01FL",,"01FL",,,
6590,"01GA","heliport","Medical Center Heliport",32.47930145263672,-84.9791030883789,319,"NA","US","US-GA","Columbus","no","01GA",,"01GA",,,
6591,"01GE","small_airport","The Farm Airport",32.675106,-82.771055,375,"NA","US","US-GA","Wrightsville","no","01GE",,"01GE",,,
6592,"01IA","closed","Stender Airport",41.661098,-90.741302,725,"NA","US","US-IA","Maysville","no",,,,,,"01IA"
6530,"01ID","small_airport","Lava Hot Springs Airport",42.6082,-112.031998,5268,"NA","US","US-ID","Lava Hot Springs","no","01ID",,"01ID",,,"Formerly 00E, ID26"
6593,"01II","small_airport","Myers Field",39.8849983215332,-86.50669860839844,950,"NA","US","US-IN","Lizton","no","01II",,"01II",,,
6594,"01IL","heliport","Hoopeston Community Memorial Hospital Heliport",40.45859909057617,-87.65950012207031,583,"NA","US","US-IL","Hoopeston","no","01IL",,"01IL",,,
6595,"01IN","heliport","Community Hospital Heliport",40.13090133666992,-85.69580078125,890,"NA","US","US-IN","Anderson","no","01IN",,"01IN",,,
6596,"01IS","small_airport","William E. Koenig Airport",39.01620101928711,-90.31819915771484,670,"NA","US","US-IL","Dow","no","01IS",,"01IS",,,
6597,"01J","small_airport","Hilliard Airpark",30.685568,-81.906346,59,"NA","US","US-FL","Hilliard","no","K01J",,"01J",,"https://en.wikipedia.org/wiki/Hilliard_Airpark",
6598,"01K","small_airport","Caldwell Municipal Airport",37.036132,-97.58533,1157,"NA","US","US-KS","Caldwell","no","K01K",,"01K",,"https://en.wikipedia.org/wiki/Caldwell_Municipal_Airport_(Kansas)",
6599,"01KS","small_airport","Flying N Ranch Airport",38.54059982299805,-97.00330352783203,1485,"NA","US","US-KS","Lost Springs","no","01KS",,"01KS",,,
6600,"01KY","heliport","Lourdes Hospital Heliport",37.051700592041016,-88.64689636230469,419,"NA","US","US-KY","Paducah","no","01KY",,"01KY",,,
6601,"01LA","small_airport","Barham Airport",32.638999938964844,-91.77369689941406,90,"NA","US","US-LA","Oak Ridge","no","01LA",,"01LA",,,
6602,"01LL","small_airport","Schumaier Restricted Landing Area",38.12580108642578,-89.46389770507812,555,"NA","US","US-IL","Pinckneyville","no","01LL",,"01LL",,,
6603,"01LS","small_airport","Country Breeze Airport",30.722478,-91.077372,125,"NA","US","US-LA","Slaughter","no","01LS",,"01LS",,,
6604,"01MA","heliport","Compaq Andover Heliport",42.625099182128906,-71.18009948730469,140,"NA","US","US-MA","Andover","no","01MA",,"01MA",,,
6605,"01MD","seaplane_base","Annapolis Seaplane Base",38.999199,-76.456001,,"NA","US","US-MD","Annapolis","no","01MD",,"01MD",,,
6606,"01ME","seaplane_base","Saint Peter's Seaplane Base",46.778900146484375,-68.50029754638672,608,"NA","US","US-ME","Portage Lake","no","01ME",,"01ME",,,
6607,"01MI","heliport","Flow Through Terminal Heliport",43.04949951171875,-83.67970275878906,736,"NA","US","US-MI","Flint","no","01MI",,"01MI",,,
6608,"01MN","seaplane_base","Barnes Seaplane Base",47.899600982666016,-92.55740356445312,1358,"NA","US","US-MN","Cook","no","01MN",,"01MN",,,
6609,"01MO","heliport","Highway Patrol Troop C Headquarters Heliport",38.641700744628906,-90.48429870605469,615,"NA","US","US-MO","Town and Country","no","01MO",,"01MO",,,
6610,"01MT","small_airport","Crystal Lakes Resort Airport",48.789100646972656,-114.87999725341797,3141,"NA","US","US-MT","Fortine","no","01MT",,"01MT",,,
356169,"01MU","heliport","NWMC - Houghton Heliport",32.196747,-110.775142,2873,"NA","US","US-AZ","Tucson","no","01MU",,"01MU",,,
6611,"01NC","small_airport","Topsail Airpark",34.47529983520508,-77.5813980102539,65,"NA","US","US-NC","Holly Ridge","no","01NC",,"01NC",,,
6612,"01NE","closed","Detour Airport",40.843619,-100.651503,3000,"NA","US","US-NE","Wellfleet","no",,,,,,"01NE"
6613,"01NH","small_airport","Moore Airfield",43.6445,-72.086998,835,"NA","US","US-NH","Canaan","no","01NH",,"01NH",,,"Enfield"
6614,"01NJ","heliport","Albert Guido Memorial Heliport",40.739956,-74.136128,10,"NA","US","US-NJ","Newark","no","01NJ",,"01NJ",,,
45537,"01NM","small_airport","Champion Ranch Airport",33.008611,-104.540278,3630,"NA","US","US-NM","Lake Arthur","no","01NM",,"01NM",,,
506122,"01NR","heliport","McGee 01 Heliport",34.196264,-77.919917,40,"NA","US","US-NC","Wilmington","no","01NR",,"01NR",,,
6615,"01NV","small_airport","Lantana Ranch Airport",38.76390075683594,-119.0270004272461,4600,"NA","US","US-NV","Yerington","no","01NV",,"01NV",,,
6616,"01NY","heliport","Vassar Hospital Heliport",41.692415,-73.93683,100,"NA","US","US-NY","Poughkeepsie","no","01NY",,"01NY",,,
347920,"01OH","heliport","Atrium Medical Center Heliport",39.497455,-84.313851,775,"NA","US","US-OH","Middletown","no","01OH",,"01OH",,,
6617,"01OI","heliport","Avita Health System Galion Hospital Heliport",40.730267,-82.802022,1140,"NA","US","US-OH","Galion","no","01OI",,"01OI",,,"Galion Community Hospital Heliport"
6618,"01OK","closed","Lawrence Airport",35.294498,-98.636496,1525,"NA","US","US-OK","Eakly","no",,,,,,"01OK"
345166,"01OL","small_airport","Spring Creek Ranch East Airport",34.391667,-96.690833,1060,"NA","US","US-OK","Tishomingo","no","01OL",,"01OL",,,
6619,"01OR","closed","Red & White Flying Service Airport",43.119301,-121.044997,4346,"NA","US","US-OR","Silver Lake","no",,,,,,"01OR"
6620,"01PA","closed","Pine Heliport",40.655602,-80.050903,1215,"NA","US","US-PA","Mars","no",,,,,,"01PA"
6621,"01PN","small_airport","Bierly(Personal Use) Airport",40.930599212646484,-77.73889923095703,960,"NA","US","US-PA","Bellefonte","no","01PN",,"01PN",,,
6622,"01PS","small_airport","Nort's Resort Airport",41.59590148925781,-76.02960205078125,1040,"NA","US","US-PA","Meshoppen","no","01PS",,"01PS",,,
6623,"01SC","small_airport","York Airport",35.032100677490234,-81.25279998779297,779,"NA","US","US-SC","York","no","01SC",,"01SC",,,
6624,"01TA","heliport","Thirty Thirty Matlock Office Center Heliport",32.69419860839844,-97.11579895019531,630,"NA","US","US-TX","Arlington","no","01TA",,"01TA",,,
6625,"01TE","small_airport","Smith Field",32.737598,-96.428001,505,"NA","US","US-TX","Forney","no","01TE",,"01TE",,,"02F"
6626,"01TN","small_airport","Colonial Air Park",34.99589920043945,-89.73059844970703,370,"NA","US","US-TN","Collierville","no","01TN",,"01TN",,,
6627,"01TS","closed","St Joseph Hospital Heliport",32.7285,-97.324501,675,"NA","US","US-TX","Fort Worth","no",,,,,,"01TS"
340858,"01TT","heliport","Clute Fire & EMS Station #1 Heliport",29.012067,-95.402119,7,"NA","US","US-TX","Clute","no","01TT",,"01TT",,,
6628,"01TX","closed","Mims Farm Ultralightport",32.388115,-96.877398,610,"NA","US","US-TX","Waxahachie","no",,,,,,"01TX"
6629,"01U","small_airport","Duckwater Airport",38.849785,-115.634987,5124,"NA","US","US-NV","Duckwater","no","K01U",,"01U",,,
6630,"01UT","small_airport","La Sal Junction Airport",38.30830001831055,-109.39600372314453,6000,"NA","US","US-UT","La Sal","no","01UT",,"01UT",,,
6631,"01VA","small_airport","Pickles Airport",39.125,-77.9250030518,500,"NA","US","US-VA","Berryville","no","01VA",,"01VA",,,
6632,"01WA","heliport","Willapa Harbor Heliport",46.66320037841797,-123.81199645996094,154,"NA","US","US-WA","South Bend","no","01WA",,"01WA",,,
6633,"01WI","small_airport","Prehn Cranberry Company Airport",44.0099983215332,-90.38919830322266,930,"NA","US","US-WI","Tomah","no","01WI",,"01WI",,,
6634,"01WN","heliport","Whidbey General Hospital Heliport",48.213401794433594,-122.68499755859375,103,"NA","US","US-WA","Coupeville","no","01WN",,"01WN",,,
45900,"01WT","heliport","Odyssey Heliport",47.518178,-122.210908,20,"NA","US","US-WA","Renton","no","01WT",,"01WT",,,
6635,"01WY","small_airport","Keyhole Airport",44.348312,-104.8106,4250,"NA","US","US-WY","Pine Haven","no","01WY",,"01WY",,,
46288,"01XA","heliport","Ascension Seton Hays Heliport",30.007222,-97.853333,715,"NA","US","US-TX","Kyle","no","01XA",,"01XA",,,"Seton Medical Center Hays Heliport"
6636,"01XS","heliport","Meadowood Ranch Heliport",32.020198822021484,-95.74549865722656,500,"NA","US","US-TX","Athens","no","01XS",,"01XS",,,
335815,"02AA","small_airport","Barefoot Airport",61.506147,-149.912825,160,"NA","US","US-AK","Big Lake","no","02AA",,"02AA",,,"H & H Field"
6637,"02AK","small_airport","Rustic Wilderness Airport",61.876907,-150.097626,190,"NA","US","US-AK","Willow","no","02AK",,"02AK",,,
6638,"02AL","small_airport","Bass Field",30.37150001525879,-87.76439666748047,61,"NA","US","US-AL","Foley","no","02AL",,"02AL",,,
529870,"02AN","small_airport","Emerald Ridge Airport",59.704223,-151.295869,222,"NA","US","US-AK","Homer","no","02AN",,"02AN",,,
43030,"02AR","closed","Three Rivers Airport",34.822445,-92.44442,264,"NA","US","US-AR","Little Rock","no",,,,,,"02AR"
6640,"02AZ","closed","Winchester Farm Airstrip",32.376401,-109.936996,4200,"NA","US","US-AZ","Willcox","no",,,,,,"02AZ"
6641,"02CA","heliport","Swepi Beta Platform Ellen Heliport",33.58250045776367,-118.12899780273438,122,"NA","US","US-CA","Huntington Beach","no","02CA",,"02CA",,,
6642,"02CD","small_airport","Shannon Field",34.129600524902344,-90.52400207519531,165,"NA","US","US-MS","Clarksdale","no","02CD",,"02CD",,,
6643,"02CL","small_airport","Conover Air Lodge Airport",34.761101,-119.058998,5160,"NA","US","US-CA","Frazier Park","no","02CL",,"02CL",,,"04L"
6644,"02CO","small_airport","Mc Cullough Airport",37.64329910279999,-106.04699707,7615,"NA","US","US-CO","Monte Vista","no","02CO",,"02CO",,,
6645,"02CT","heliport","Strangers Point Heliport",41.91960144042969,-72.44450378417969,540,"NA","US","US-CT","Ellington","no","02CT",,"02CT",,,
6646,"02FA","small_airport","Osborn Airfield",28.526699,-81.874802,121,"NA","US","US-FL","Groveland","no","02FA",,"02FA",,"https://en.wikipedia.org/wiki/Osborn_Airfield",
341544,"02FD","small_airport","Triple R Ranch Airport",30.950976,-86.635555,209,"NA","US","US-FL","Baker","no","02FD",,"02FD",,,
45347,"02FL","closed","Cuchens Airport",30.642527,-86.118779,215,"NA","US","US-FL","Defuniak Springs","no",,,,,,"02FL"
6648,"02GA","small_airport","Doug Bolton Field",34.202598571777344,-83.42900085449219,884,"NA","US","US-GA","Commerce","no","02GA",,"02GA",,,
6649,"02GE","small_airport","Etowah Fields Airport",34.17530059814453,-84.92440032958984,710,"NA","US","US-GA","Euharlee","no","02GE",,"02GE",,,
6650,"02HI","heliport","K3 Helipad Heliport",21.35839,-157.94789,9,"OC","US","US-HI","Honolulu","no","02HI",,"02HI",,,
6651,"02IA","heliport","Boone County Hospital Heliport",42.05609893798828,-93.87799835205078,1160,"NA","US","US-IA","Boone","no","02IA",,"02IA",,,
6652,"02ID","small_airport","Morgan Ranch Airport",44.55550003051758,-115.30500030517578,5634,"NA","US","US-ID","Cascade","no","02ID",,"02ID",,,
6653,"02II","small_airport","King Ultralightport",40.06230163574219,-86.21050262451172,925,"NA","US","US-IN","Westfield","no","02II",,"02II",,,
6654,"02IN","small_airport","Diamond P. Field",40.208900451660156,-85.54080200195312,904,"NA","US","US-IN","Muncie","no","02IN",,"02IN",,,
6655,"02IS","heliport","Condell Medical Center Heliport",42.274600982666016,-87.9572982788086,762,"NA","US","US-IL","Libertyville","no","02IS",,"02IS",,,
6656,"02KS","small_airport","Jmj Landing Airport",39.222198486328125,-96.0552978515625,1170,"NA","US","US-KS","St Marys","no","02KS",,"02KS",,,
327110,"02KT","heliport","St Claire Healthcare Heliport",38.181441,-83.443319,781,"NA","US","US-KY","Morehead","no","02KT",,"02KT",,,
6657,"02KY","heliport","Boone National Guard Heliport",38.190282,-84.906442,760,"NA","US","US-KY","Frankfort","no","02KY",,"02KY",,,
6658,"02LA","heliport","Louisiana State Police Troop G Heliport",32.531491,-93.659939,168,"NA","US","US-LA","Bossier City","no","02LA",,"02LA",,,
6659,"02LS","heliport","Windy Hill Heliport",30.148300170898438,-91.91899871826172,25,"NA","US","US-LA","Broussard","no","02LS",,"02LS",,,
6660,"02MA","heliport","Cuttyhunk Heliport",41.419601,-70.927002,9,"NA","US","US-MA","Cuttyhunk","no","02MA",,"02MA",,,
322099,"02MD","small_airport","Garner Field",38.672544,-76.709739,141,"NA","US","US-MD","Brandywine","no","02MD",,"02MD",,,
6661,"02ME","small_airport","Nadeau's Airfield",43.537467,-70.930685,700,"NA","US","US-ME","Acton","no","02ME",,"02ME",,,"Mellion Airport, Old Acton Airfield"
6662,"02MI","small_airport","Fairplains Airpark",43.157100677490234,-85.14849853515625,850,"NA","US","US-MI","Greenville","no","02MI",,"02MI",,,
6663,"02MN","closed","Greenbush Municipal Airport",48.686527,-96.191976,1070,"NA","US","US-MN","Greenbush","no",,,,,,"02MN, 02Y"
6664,"02MO","small_airport","Troy Airpark",39.04999923706055,-91.03350067138672,650,"NA","US","US-MO","Troy","no","02MO",,"02MO",,,
6665,"02MS","small_airport","Watts Field",34.095701,-90.846131,153,"NA","US","US-MS","Rochdale","no","02MS",,"02MS",,,
6666,"02MT","closed","Barrett Field",47.234035,-111.750592,3350,"NA","US","US-MT","Cascade","no",,,,,,"02MT"
6667,"02MU","closed","Timber Line Airpark",36.655612,-93.802387,1550,"NA","US","US-MO","Cassville","no",,,,,,"02MU"
45686,"02NC","closed","Race City Heliport",35.540477,-80.598047,809,"NA","US","US-NC","Landis","no",,,,,,"02NC"
6668,"02NE","small_airport","Benes Service Airport",41.074501037597656,-96.90450286865234,1550,"NA","US","US-NE","Valparaiso","no","02NE",,"02NE",,,
6669,"02NH","seaplane_base","Iroquois Landing Seaplane Base",44.657100677490234,-71.21910095214844,1180,"NA","US","US-NH","Dummer","no","02NH",,"02NH",,,
6670,"02NJ","heliport","Penske Heliport",40.55730056762695,-74.46710205078125,78,"NA","US","US-NJ","Piscataway","no","02NJ",,"02NJ",,,
526225,"02NM","small_airport","FFR Animas Landing Strip",32.09071,-108.870735,4240,"NA","US","US-NM","Animas","no","02NM",,"02NM",,,
506036,"02NR","heliport","McGee 02 Heliport",35.592197,-77.377372,25,"NA","US","US-NC","Greenville","no","02NR",,"02NR",,,
6671,"02NV","small_airport","Paiute Meadows Airport",41.299551,-118.926709,4443,"NA","US","US-NV","Winnemucca","no","02NV",,"02NV",,,
6672,"02NY","heliport","Hansen Heliport",43.132598876953125,-75.65550231933594,435,"NA","US","US-NY","Durhamville","no","02NY",,"02NY",,,
6673,"02OH","small_airport","Zimmerman Airport",41.376399993896484,-83.08329772949219,614,"NA","US","US-OH","Fremont","no","02OH",,"02OH",,,
6674,"02OI","small_airport","Murtha Airport",41.801998138427734,-80.56539916992188,950,"NA","US","US-OH","Conneaut","no","02OI",,"02OI",,,
6675,"02OK","closed","Canon Heliport",35.458401,-97.525297,1191,"NA","US","US-OK","Oklahoma City","no",,,,,,"02OK, 02OK"
337183,"02OL","heliport","War Veterans Colony Heliport",34.811412,-95.307727,807,"NA","US","US-OK","Wilburton","no","02OL",,"02OL",,,
6676,"02OR","small_airport","Rowena Dell Airport",45.68149948120117,-121.31600189208984,705,"NA","US","US-OR","The Dalles","no","02OR",,"02OR",,,
6677,"02P","heliport","Stottle Memorial Heliport",40.403596,-77.556602,591,"NA","US","US-PA","Honey Grove","no","26PA",,"26PA",,,"02P, EWT 4"
6678,"02PA","heliport","Lag III Heliport",40.438301,-79.769997,1070,"NA","US","US-PA","Monroeville","no","02PA",,"02PA",,,
6679,"02PN","heliport","Peco Berwyn Heliport",40.06959915161133,-75.4552001953125,390,"NA","US","US-PA","Berwyn","no","02PN",,"02PN",,,
6680,"02PR","small_airport","Cuylers Airport",18.464924,-66.363773,15,"NA","PR","PR-U-A","Vega Baja","no","02PR",,"02PR",,,
6681,"02PS","closed","Hughes Ultralightport",41.90063,-77.230025,1700,"NA","US","US-PA","Tioga","no",,,,,,"02PS"
6682,"02SC","small_airport","Harpers Airport",32.760211,-81.225872,111,"NA","US","US-SC","Estill","no","02SC",,"02SC",,,
6683,"02T","small_airport","Wise River Airport",45.769100189208984,-112.98200225830078,5830,"NA","US","US-MT","Wise River","no","02T",,"02T",,,
6684,"02TA","heliport","Matagorda Shore Facility Heliport",28.722177,-95.875813,5,"NA","US","US-TX","Matagorda","no","02TA",,"02TA",,,
6685,"02TE","heliport","Baylor Medical Center Heliport",32.39540100097656,-96.86419677734375,560,"NA","US","US-TX","Waxahachie","no","02TE",,"02TE",,,
6686,"02TN","small_airport","Ellis Field",35.780355,-86.585521,840,"NA","US","US-TN","Rockvale","no","02TN",,"02TN",,,
6687,"02TS","closed","FWOMC Heliport",32.747601,-97.370003,684,"NA","US","US-TX","Fort Worth","no",,,,,,"02TS"
6688,"02TX","closed","The Palms At Kitty Hawk Airport",33.370403,-101.922882,3235,"NA","US","US-TX","New Home","no",,,,,,"02TX, OLD02TX"
6689,"02UT","small_airport","Lucin Airport",41.369336,-113.841019,4412,"NA","US","US-UT","Lucin","no","02UT",,"02UT",,,
6690,"02VA","small_airport","The Greenhouse Airport",38.435699462890625,-77.8572006225586,320,"NA","US","US-VA","Culpeper","no","02VA",,"02VA",,,
6691,"02VG","heliport","Northstar Aviation Heliport",36.63880157470703,-82.11669921875,1850,"NA","US","US-VA","Bristol","no","02VG",,"02VG",,,
6692,"02WA","small_airport","Cawleys South Prairie Airport",47.15230178833008,-122.09400177001953,690,"NA","US","US-WA","South Prairie","no","02WA",,"02WA",,,
6693,"02WI","small_airport","Beer Airport",45.031898498535156,-92.65579986572266,920,"NA","US","US-WI","Hudson","no","02WI",,"02WI",,,
6694,"02WN","small_airport","Fowler Field",48.74580001831055,-119.31900024414062,2150,"NA","US","US-WA","Tonasket","no","02WN",,"02WN",,,
330393,"02XA","small_airport","JLS Farms Airport",33.591319,-95.882864,675,"NA","US","US-TX","Honey Grove","no","02XA",,"02XA",,,
6695,"02XS","closed","Seidel Ranch Airport",30.100941,-97.672607,510,"NA","US","US-TX","Austin","no",,,,,,"02XS, 02XS, 02XS"
325508,"03AA","heliport","Trapper T Heliport",61.556055,-149.284527,159,"NA","US","US-AK","Palmer","no","03AA",,"03AA",,,
6696,"03AK","seaplane_base","Joe Clouds Seaplane Base",60.72722244262695,-151.13278198242188,150,"NA","US","US-AK","Kenai","no","03AK",,"03AK",,,
6697,"03AL","heliport","Highland Medical Center Heliport",34.662604,-86.046774,628,"NA","US","US-AL","Scottsboro","no","03AL",,"03AL",,,"Jackson County Hospital Heliport"
6698,"03AR","heliport","Hscmh Heliport",34.357601165771484,-92.78849792480469,350,"NA","US","US-AR","Malvern","no","03AR",,"03AR",,,
6699,"03AZ","small_airport","Thompson International Aviation Airport",31.430971,-110.088087,4275,"NA","US","US-AZ","Hereford","no","03AZ",,"03AZ",,,
6700,"03CA","heliport","Grossmont Hospital Heliport",32.779484,-117.006952,634,"NA","US","US-CA","La Mesa","no","03CA",,"03CA",,,
6701,"03CO","closed","Kugel-Strong Airport",40.211608,-104.744781,4950,"NA","US","US-CO","Platteville","no",,,,,,"03CO"
6702,"03FA","small_airport","Lake Persimmon Airstrip",27.353099822998047,-81.40809631347656,70,"NA","US","US-FL","Lake Placid","no","03FA",,"03FA",,,
6703,"03FD","closed","Tharpe Airport",30.8288,-85.731003,115,"NA","US","US-FL","Bonifay","no",,,,,,"03FD"
6704,"03FL","heliport","Ranger Heliport",26.683716,-80.186561,20,"NA","US","US-FL","West Palm Beach","no","03FL",,"03FL",,,
322717,"03GA","small_airport","HIA Airport",32.561626,-81.85509,238,"NA","US","US-GA","Statesboro","no","03GA",,"03GA",,,
512948,"03GE","heliport","NGMC Lumpkin Hospital Heliport",34.523153,-83.975058,1178,"NA","US","US-GA","Dahlonega","no","03GE",,"03GE","https://www.nghs.com/locations/lumpkin",,
6705,"03I","closed","Clarks Dream Strip",39.644199,-83.018204,680,"NA","US","US-OH","Circleville","no",,,,,,"03I"
6706,"03IA","closed","East Field",41.581902,-92.461304,954,"NA","US","US-IA","Montezuma","no",,,,,,"03IA"
6707,"03ID","small_airport","Flying Y Ranch Airport",44.793965,-116.531543,3180,"NA","US","US-ID","Council","no","03ID",,"03ID",,,
6708,"03II","small_airport","Davis Field Ultralightport",37.9620018005,-87.7789001465,465,"NA","US","US-IN","Mount Vernon","no","03II",,"03II",,,
6709,"03IL","small_airport","Wix Airport",41.40230178833008,-87.81670379638672,750,"NA","US","US-IL","Monee","no","03IL",,"03IL",,,
6710,"03IN","small_airport","Heinzman Airport",40.18000030517578,-86.01249694824219,850,"NA","US","US-IN","Arcadia","no","03IN",,"03IN",,,
6711,"03IS","heliport","OSF St Anthony's Health Center Heliport",38.904999,-90.173401,580,"NA","US","US-IL","Alton","no","03IS",,"03IS",,,"St Anthony's Hospital"
6712,"03KS","heliport","Valley Grain Heliport",39.86470031738281,-95.26409912109375,1160,"NA","US","US-KS","Highland","no","03KS",,"03KS",,,
6713,"03KY","small_airport","Flying H Farms Airport",37.796085,-87.53859,385,"NA","US","US-KY","Henderson","no","03KY",,"03KY",,,
6714,"03LA","heliport","Damien Heliport",30.199600219726562,-91.12789916992188,25,"NA","US","US-LA","Carville","no","03LA",,"03LA",,,
6715,"03LS","heliport","Fmc Nr 1 Heliport",32.159000396728516,-91.70800018310547,79,"NA","US","US-LA","Winnsboro","no","03LS",,"03LS",,,
6716,"03M","seaplane_base","Lakeside Lodge and Marina Seaplane Base",44.3209,-69.889503,165,"NA","US","US-ME","East Winthrop","no","03M",,"03M",,,
6717,"03MA","small_airport","Hadley Airport",42.393431,-72.551553,150,"NA","US","US-MA","Hadley","no","03MA",,"03MA",,,
6718,"03MD","heliport","Upper Chesapeake Medical Center Heliport",39.518427,-76.346022,302,"NA","US","US-MD","Bel Air","no","03MD",,"03MD",,,
6719,"03ME","small_airport","Maple Ridge Airport",44.084251,-70.626905,556,"NA","US","US-ME","Harrison","no","03ME",,"03ME",,,
6720,"03MI","heliport","Harold Miller Heliport",43.550899505615234,-83.86219787597656,585,"NA","US","US-MI","Bay City","no","03MI",,"03MI",,,
6721,"03MN","small_airport","Nauerth Land Ranch Airport",43.62519836425781,-95.22470092773438,1435,"NA","US","US-MN","Lakefield","no","03MN",,"03MN",,,
6722,"03MO","closed","Cahoochie Airport",37.884499,-93.131599,1010,"NA","US","US-MO","Urbana","no",,,,,,"03MO"
6723,"03MS","heliport","Vicksburg Medical Center Heliport",32.31880187988281,-90.8832015991211,110,"NA","US","US-MS","Vicksburg","no","03MS",,"03MS",,,
6724,"03MT","small_airport","Cascade Field",47.267327,-111.71748,3580,"NA","US","US-MT","Cascade","no","3MT7",,"3MT7",,,"03MT"
6725,"03MU","small_airport","McDonnell Airport",38.4925,-94.412498,874,"NA","US","US-MO","Archie","no","03MU",,"03MU",,,
4650,"03N","small_airport","Utirik Airport",11.222219,169.851429,4,"OC","MH","MH-UTI","Utirik Island","yes","03N","UTK","03N",,"https://en.wikipedia.org/wiki/Utirik_Airport",
6726,"03NC","small_airport","Pilots Ridge Airport",34.10430145263672,-77.9041976928711,35,"NA","US","US-NC","Carolina Beach","no","03NC",,"03NC",,,
6727,"03ND","small_airport","Olafson Brothers Airport",48.626399993896484,-97.8290023803711,1045,"NA","US","US-ND","Edinburg","no","03ND",,"03ND",,,
6728,"03NE","small_airport","Hyde Ranch Airport",41.5463981628418,-99.3311996459961,2430,"NA","US","US-NE","Comstock","no","03NE",,"03NE",,,
6729,"03NH","heliport","Lorden Heliport",42.815399169921875,-71.12439727783203,400,"NA","US","US-NH","Milford","no","03NH",,"03NH",,,
6730,"03NJ","closed","AT&T Heliport",40.668713,-74.410152,360,"NA","US","US-NJ","Berkeley Heights","no",,,,,,"03NJ"
345364,"03NM","heliport","Miner's Colfax Medical Center Heliport",36.862377,-104.442853,6600,"NA","US","US-NM","Raton","no","03NM",,"03NM",,,
345707,"03NR","heliport","Johnston Medical Center Heliport",35.63027,-78.50392,320,"NA","US","US-NC","Clayton","no","03NR",,"03NR",,,
6731,"03NV","small_airport","Llama Ranch Airport",40.58440017700195,-115.2979965209961,6120,"NA","US","US-NV","Ruby Valley","no","03NV",,"03NV",,,
6732,"03NY","small_airport","Talmage Field",40.958308,-72.717326,95,"NA","US","US-NY","Riverhead","no","03NY",,"03NY",,,
6733,"03OH","small_airport","Gibbs Field",41.416933,-83.018339,580,"NA","US","US-OH","Fremont","no","03OH",,"03OH",,,
6734,"03OI","heliport","Cleveland Clinic, Marymount Hospital Heliport",41.420312,-81.599552,890,"NA","US","US-OH","Garfield Heights","no","03OI",,"03OI",,,
6735,"03OK","small_airport","Sahoma Lake Airport",36.041259,-96.161517,890,"NA","US","US-OK","Sapulpa","no","03OK",,"03OK",,,
348548,"03OL","small_airport","Bluebird Airport",35.012334,-97.702735,1232,"NA","US","US-OK","Alex","no","03OL",,"03OL",,,
6736,"03OR","small_airport","Powwatka Ridge Airport",45.85540008544922,-117.48400115966797,3340,"NA","US","US-OR","Troy","no","03OR",,"03OR",,,
6737,"03PA","heliport","Collegeville Heliport",40.162899017333984,-75.4656982421875,197,"NA","US","US-PA","Collegeville","no","03PA",,"03PA",,,
6738,"03PN","heliport","M.P. Metals Heliport",41.066861,-76.180806,479,"NA","US","US-PA","Berwick","no","03PN",,"03PN",,,
322892,"03PR","small_airport","Sun View Field Airport",39.065931,-94.938417,980,"NA","US","US-KS","Bonner Springs","no","03PR",,"03PR",,,
6739,"03PS","closed","Ziggy's Field",40.849998,-77.905602,1050,"NA","US","US-PA","Bellefonte","no",,,,,,"03PS"
6740,"03S","small_airport","Sandy River Airport",45.401629,-122.228771,704,"NA","US","US-OR","Sandy","no","K03S",,"03S",,"https://en.wikipedia.org/wiki/Sandy_River_Airport",
6741,"03SC","heliport","Seacoast Medical Center Heliport",33.8650016784668,-78.66190338134766,73,"NA","US","US-SC","Little River","no","03SC",,"03SC",,,
6742,"03TA","closed","Gay Hill Farm Airport",30.262699,-96.500198,505,"NA","US","US-TX","Gay Hill","no",,,,,,"03TA"
6743,"03TE","small_airport","Barronena Ranch Airport",27.490812,-98.669615,600,"NA","US","US-TX","Hebbronville","no","03TE",,"03TE",,,
6744,"03TN","heliport","Eagles Landing Heliport",35.92250061035156,-83.57939910888672,1000,"NA","US","US-TN","Sevierville","no","03TN",,"03TN",,,
6745,"03TS","heliport","Shannon Medical Center Heliport",31.4658,-100.43397,1825,"NA","US","US-TX","San Angelo","no","03TS",,"03TS",,,
341551,"03TT","small_airport","Brazos Polo Airport",29.632117,-95.932481,117,"NA","US","US-TX","Orchard","no","03TT",,"03TT",,,
6746,"03TX","heliport","M D K Field Heliport",29.580929,-95.30508,50,"NA","US","US-TX","Pearland","no","03TX",,"03TX",,,
6747,"03UT","small_airport","AZ Minerals Corporation Airport",37.114384,-109.99014,5315,"NA","US","US-UT","Mexican Hat","no","03UT",,"03UT",,,"U23"
6748,"03VA","closed","Whipoorwill Springs Airport",38.66460037231445,-77.57969665527344,250,"NA","US","US-VA","Nokesville","no",,,,,,"03VA, 03VA, 03VA"
6749,"03WA","small_airport","Spangle Field",47.408199310302734,-117.37200164794922,2440,"NA","US","US-WA","Spangle","no","03WA",,"03WA",,,
6750,"03WI","closed","Zink Airport",44.028873,-88.883945,880,"NA","US","US-WI","Berlin","no",,,,,,"03WI"
6751,"03WN","small_airport","Aerostone Ranch Airport",45.875,-120.66999816894531,2320,"NA","US","US-WA","Goldendale","no","03WN",,"03WN",,,
348415,"03WT","heliport","Lopez Medical Clinic Heliport",48.524894,-122.912394,38,"NA","US","US-WA","Lopez Island","no","03WT",,"03WT",,,
345757,"03XA","heliport","Del Sol Medical Center Heliport",31.7574,-106.346895,3881,"NA","US","US-TX","El Paso","no","03XA",,"03XA",,,
6752,"03XS","small_airport","Creekside Airport",31.318099975585938,-100.75399780273438,2100,"NA","US","US-TX","Mertzon","no","03XS",,"03XS",,,
325443,"04AA","small_airport","Flying W Ranch Airport",60.535833,-150.811387,250,"NA","US","US-AK","Soldotna","no","04AA",,"04AA",,,"Phil's Airport"
6753,"04AL","heliport","Anniston AHP (Anniston Army Depot)",33.62639999,-85.96720123,686,"NA","US","US-AL","Anniston","no","04AL",,"04AL",,,
509055,"04AN","small_airport","North 40 Airport",61.737511,-148.700724,943,"NA","US","US-AK","Sutton","no","04AN",,"04AN",,,
6754,"04AR","heliport","Saline Memorial Hospital Heliport",34.574319,-92.586047,430,"NA","US","US-AR","Benton","no","04AR",,"04AR",,,
6755,"04AZ","closed","Chinle Airport",36.147197,-109.560771,5515,"NA","US","US-AZ","Chinle","no",,,,,,"04AZ, Q32, 04AZ"
6756,"04CA","small_airport","Gray Butte Field",34.566631,-117.670666,3020,"NA","US","US-CA","Palmdale","no","04CA",,"04CA",,"https://en.wikipedia.org/wiki/Grey_Butte_Field_Airport","KGXA, GXA"
6757,"04CL","small_airport","Hunt's Sky Ranch Airport",33.08169937133789,-116.44100189208984,2310,"NA","US","US-CA","Julian","no","04CL",,"04CL",,,
6758,"04CT","heliport","Shingle Mill Heliport",41.75510025024414,-73.05239868164062,880,"NA","US","US-CT","Harwinton","no","04CT",,"04CT",,,
6759,"04F","closed","De Leon Municipal Airport",32.098801,-98.525325,1293,"NA","US","US-TX","De Leon","no",,,,,,"04F"
6760,"04FA","small_airport","Richards Field",25.558700561523438,-80.51509857177734,9,"NA","US","US-FL","Homestead","no","04FA",,"04FA",,,
324859,"04FD","heliport","Tampa General Hospital Brandon Healthplex Heliport",27.929372,-82.336981,37,"NA","US","US-FL","Brandon","no","04FD",,"04FD",,,
6761,"04FL","small_airport","Cross Creek Farms Airport",29.240353,-81.222525,30,"NA","US","US-FL","Ormond Beach","no","04FL",,"04FL",,,
6762,"04I","small_airport","Columbus Southwest Airport",39.91151,-83.188577,920,"NA","US","US-OH","Columbus","no","K04I",,"04I",,"https://en.wikipedia.org/wiki/Columbus_Southwest_Airport",
6763,"04IA","small_airport","Middlekoop Airport",41.08829879760742,-92.05460357666016,801,"NA","US","US-IA","Packwood","no","04IA",,"04IA",,,
6764,"04ID","small_airport","Lanham Field",43.877015,-116.538365,2343,"NA","US","US-ID","Emmett","no","04ID",,"04ID",,,"U85"
6765,"04II","closed","Turkey Run Airport",41.1306,-84.994102,765,"NA","US","US-IN","New Haven","no",,,,,,"04II"
6766,"04IL","small_airport","Schertz Aerial Service - Hudson Airport",40.6375007629,-89.0070037842,755,"NA","US","US-IL","Hudson","no","04IL",,"04IL",,,
45410,"04IN","seaplane_base","Lake Gage Seaplane Base",41.701389,-85.113056,954,"NA","US","US-IN","Angola","no","04IN",,"04IN",,,
6767,"04IS","small_airport","Van Gorder Airport",40.1786003112793,-88.56900024414062,728,"NA","US","US-IL","Mansfield","no","04IS",,"04IS",,,
6768,"04KS","closed","Robinson Industries Heliport",38.978901,-95.219704,835,"NA","US","US-KS","Lawrence","no",,,,,,"04KS"
6769,"04KY","small_airport","Natchez Trace Farm Airport",37.135101318359375,-85.78939819335938,710,"NA","US","US-KY","Hiseville","no","04KY",,"04KY",,,
6770,"04LA","heliport","Saint James Parish Hospital Heliport",30.051001,-90.703848,10,"NA","US","US-LA","Lutcher","no","04LA",,"04LA",,,"Saint James Heliport"
6771,"04LL","closed","Brunner Airport",42.136101,-88.287598,750,"NA","US","US-IL","West Dundee","no",,,,,,"04LL"
6772,"04LS","heliport","La National Guard Heliport",30.44610023498535,-91.10530090332031,52,"NA","US","US-LA","Baton Rouge","no","04LS",,"04LS",,,
6773,"04MA","small_airport","Goddard Field",42.810908,-71.140959,200,"NA","US","US-MA","Haverhill","no","04MA",,"04MA",,,
6774,"04MD","heliport","Chesapeake City Heliport",39.51810073852539,-75.82140350341797,40,"NA","US","US-MD","Chesapeake City","no","04MD",,"04MD",,,
6775,"04ME","small_airport","Beech Hill Airport",44.66669845581055,-69.8938980102539,625,"NA","US","US-ME","Mercer","no","04ME",,"04ME",,,
6776,"04MI","small_airport","Rapids Airway Airport",42.53450012207031,-84.62830352783203,880,"NA","US","US-MI","Eaton Rapids","no","04MI",,"04MI",,,
6777,"04MN","small_airport","Helblad Airport",47.985801696777344,-94.68689727783203,1195,"NA","US","US-MN","Kelliher","no","04MN",,"04MN",,,
6778,"04MO","closed","Airpark Private Airport",39.301201,-91.4515,767,"NA","US","US-MO","Vandalia","no",,,,,,"04MO"
6779,"04MS","small_airport","Nick's Flying Service Inc Airport",32.940537,-90.836683,100,"NA","US","US-MS","Rolling Fork","no","04MS",,"04MS",,,
6780,"04MT","small_airport","Pluhar Airport",47.13749777779999,-106.488095,2715,"NA","US","US-MT","Cohagen","no","04MT",,"04MT",,,
6781,"04NC","heliport","Western Wake Medical Center Heliport",35.739200592,-78.7822036743,445,"NA","US","US-NC","Cary","no","04NC",,"04NC",,,
6782,"04NE","small_airport","Mc Connell Field Airport",41.159999847399995,-101.299003601,3035,"NA","US","US-NE","Sarben","no","04NE",,"04NE",,,
6783,"04NJ","small_airport","Emmanuel Airport",39.596801757799994,-75.2334976196,155,"NA","US","US-NJ","Elmer","no","04NJ",,"04NJ",,,
347887,"04NR","heliport","McGee 04 Heliport",34.775671,-77.392244,40,"NA","US","US-NC","Jacksonville","no","04NR",,"04NR",,,
6784,"04NV","small_airport","Kingston Ranch Airport",35.7555007935,-115.665000916,2620,"NA","US","US-NV","Sandy Valley","no","04NV",,"04NV",,,
6785,"04NY","small_airport","Klaverack Airport",42.262298584,-73.6961975098,250,"NA","US","US-NY","Hudson","no","04NY",,"04NY",,,
45733,"04OG","heliport","Teufel Heliport",45.530833,-123.085556,185,"NA","US","US-OR","Forest Grove","no","04OG",,"04OG",,,
6786,"04OH","closed","Bossow Airport",41.2477,-81.100701,1080,"NA","US","US-OH","Garrettsville","no",,,,,,"04OH"
6787,"04OK","heliport","Stillwater Medical Center Heliport",36.1152992249,-97.079498291,984,"NA","US","US-OK","Stillwater","no","04OK",,"04OK",,,
6788,"04OR","small_airport","Collins Landing Strip",44.7499008179,-120.200996399,1500,"NA","US","US-OR","Mitchell","no","04OR",,"04OR",,,
6789,"04PA","heliport","S & C Distribution Center Heliport",39.87929916379999,-75.2287979126,50,"NA","US","US-PA","Philadelphia","no","04PA",,"04PA",,,
6790,"04PN","heliport","Strawbridge & Clothier Exton Heliport",40.0306619,-75.63021,320,"NA","US","US-PA","Exton","no","04PN",,"04PN",,,
6791,"04SC","heliport","Emergency Helipad",34.842188,-82.60714,994,"NA","US","US-SC","Easley","no","04SC",,"04SC",,,"Easley Baptist Hospital"
325773,"04SD","heliport","Cheyenne River Health Center Heliport",44.993013,-101.24311,2437,"NA","US","US-SD","Eagle Butte","no","04SD",,"04SD",,,
6792,"04TA","closed","Capitol National Bank Building Heliport",30.270262,-97.745275,540,"NA","US","US-TX","Austin","no",,,,,,"04TA, 04TA, 04TA"
6793,"04TE","heliport","Veterans Affairs Medical Center Heliport",29.699687,-95.39069,49,"NA","US","US-TX","Houston","no","04TE",,"04TE",,,
6794,"04TN","small_airport","Hensley Airpark",36.183300018299995,-82.67890167239999,1430,"NA","US","US-TN","Chuckey","no","04TN",,"04TN",,,
6795,"04TS","heliport","Hummingbird Heliport",30.553284,-97.605358,690,"NA","US","US-TX","Round Rock","no","04TS",,"04TS",,,
342438,"04TT","small_airport","4D Ranch Airport",29.713072,-99.545642,1550,"NA","US","US-TX","Utopia","no","04TT",,"04TT",,,
6796,"04TX","small_airport","Pocock Airport",31.732779,-97.369326,565,"NA","US","US-TX","China Spring","no","04TX",,"04TX",,,
6797,"04UT","small_airport","Navajo Mountain Airport",37.006689,-110.794701,6160,"NA","US","US-UT","Navajo Mountain","no","04UT",,"04UT",,,"Naatsisʼáán"
6798,"04V","small_airport","Saguache Municipal Airport",38.0990833,-106.1743889,7826,"NA","US","US-CO","Saguache","no","04V",,"04V",,,
6799,"04VA","heliport","Russell County Medical Center Heliport",36.898246,-82.078477,2004,"NA","US","US-VA","Lebanon","no","04VA",,"04VA",,,
6800,"04VG","small_airport","Manquin Flight Park Ultralightport",37.706546,-77.201621,50,"NA","US","US-VA","Manquin","no","04VG",,"04VG",,,
6801,"04VT","small_airport","Lightning Bolt Field Airport",44.4011001587,-72.26360321039999,2156,"NA","US","US-VT","Cabot","no","04VT",,"04VT",,,
6802,"04W","small_airport","Field of Dreams Airport",46.0228,-92.895401,1021,"NA","US","US-MN","Hinckley","no","K04W",,"04W",,,
6803,"04WA","small_airport","Ox Meadows Airport",47.581795,-117.437131,2345,"NA","US","US-WA","Spokane","no","04WA",,"04WA",,,
6804,"04WI","small_airport","Dutch Gap Airstrip",42.523399353,-88.0167007446,760,"NA","US","US-WI","Bristol","no","04WI",,"04WI",,,
45903,"04WN","small_airport","Stillwater Creek Airport",46.95835,-119.63864,1510,"NA","US","US-WA","Royal City","no","04WN",,"04WN",,,
6805,"04WV","heliport","West Virginia Univ. Hosp. Inc. Gnd. Pad #2 Heliport",39.6536111111,-79.9561111111,1137,"NA","US","US-WV","Morgantown","no","04WV",,"04WV",,,
334249,"04XA","small_airport","Pecan Field",33.283933,-98.402861,1130,"NA","US","US-TX","Jermyn","no","04XA",,"04XA",,,
6806,"04XS","closed","Schmidts Heliport",32.5821,-97.142502,625,"NA","US","US-TX","Mansfield","no",,,,,,"04XS, Napiers Heliport"
6807,"05AK","small_airport","Wasilla Creek Airpark",61.66830063,-149.1880035,620,"NA","US","US-AK","Palmer","yes","05AK",,"05AK",,,
6808,"05AL","heliport","Allen Stagefield Army Heliport",31.2311992645,-85.64969635010002,365,"NA","US","US-AL","Fort Rucker/Wicksburg","no","05AL",,"05AL",,,
514272,"05AN","small_airport","Wetons Aerodrome",64.960472,-147.601092,795,"NA","US","US-AK","Fox","no","05AN",,"05AN",,,
45302,"05AR","small_airport","Ozark Skies Airpark",36.000633,-93.57025,1900,"NA","US","US-AR","Kingston","no","05AR",,"05AR",,,
6809,"05AZ","heliport","Yuma Regional Medical Center Heliport",32.683452,-114.634346,200,"NA","US","US-AZ","Yuma","no","05AZ",,"05AZ",,,
6810,"05B","seaplane_base","Van Buren Seaplane Base",47.158901,-67.931999,440,"NA","US","US-ME","Van Buren","no",,,"05B",,,
6811,"05CA","heliport","Lost Hills Sheriff's Station Heliport",34.136516,-118.714685,888,"NA","US","US-CA","Calabasas","no","05CA",,"05CA",,,
6812,"05CL","small_airport","Pope Valley Airport",38.6106987,-122.39099884,618,"NA","US","US-CA","Pope Valley","no","05CL",,"05CL",,,
6813,"05CO","small_airport","Rancho de Aereo Airport",40.214984,-104.984423,4978,"NA","US","US-CO","Mead","no","05CO",,"05CO",,,
6814,"05CT","heliport","O And G Heliport",41.7737007141,-73.1162033081,600,"NA","US","US-CT","Torrington","no","05CT",,"05CT",,,
6815,"05FA","small_airport","Melanie's Airport",30.918899536132812,-86.21829986572266,295,"NA","US","US-FL","Florala","no","05FA",,"05FA",,,
6816,"05FD","heliport","Aventura Heliport",25.960899353027344,-80.13919830322266,6,"NA","US","US-FL","North Miami Beach","no","05FD",,"05FD",,,
6817,"05FL","small_airport","Charlton Strip",26.52018,-81.41031,36,"NA","US","US-FL","La Belle","no","05FL",,"05FL",,,
6818,"05GA","small_airport","Raju Airport",32.0713996887207,-84.71440124511719,625,"NA","US","US-GA","Richland","no","05GA",,"05GA",,,
6819,"05IA","small_airport","Spotts Field",43.13750076293945,-93.06829833984375,1155,"NA","US","US-IA","Nora Springs","no","05IA",,"05IA",,,
6820,"05ID","small_airport","Running Creek Ranch Airport",45.914101,-114.835999,2969,"NA","US","US-ID","Elk City","no","05ID",,"05ID",,,"72U"
6821,"05II","closed","Reichhart Airport",41.028702,-84.9972,795,"NA","US","US-IN","New Haven","no",,,,,,"05II"
6822,"05IL","small_airport","Classic Landings Airport",41.156700134277344,-88.0167007446289,635,"NA","US","US-IL","Bonfield","no","05IL",,"05IL",,,
6823,"05IN","small_airport","Cooper Airport",39.641998291015625,-86.50420379638672,860,"NA","US","US-IN","Belleville","no","05IN",,"05IN",,,
6824,"05IS","small_airport","Hardy Airport",39.72589874267578,-89.26399993896484,605,"NA","US","US-IL","Mount Auburn","no","05IS",,"05IS",,,
6825,"05KS","small_airport","Darbro Field",37.26620101928711,-95.95919799804688,945,"NA","US","US-KS","Elk City","no","05KS",,"05KS",,,
346026,"05KT","small_airport","High Point Farm Airport",38.187091,-84.93011,880,"NA","US","US-KY","Frankfort","no","05KT",,"05KT",,,
6826,"05KY","small_airport","Cartersville Airport",37.53575,-84.407303,1070,"NA","US","US-KY","Paint Lick","no","05KY",,"05KY",,,
6827,"05LA","small_airport","Greg's Flying Service Airport",32.265301,-91.6978,76,"NA","US","US-LA","Winnsboro","no","05LA",,"05LA",,,
6828,"05LL","heliport","Midwest Heliport",41.749228,-87.935783,710,"NA","US","US-IL","Willowbrook","no","05LL",,"05LL",,,
6829,"05LS","small_airport","Grass Roots Airport",31.252148,-92.47569,83,"NA","US","US-LA","Alexandria","no","05LS",,"05LS",,,
6830,"05M","heliport","Pauls Valley General Hospital Heliport",34.71979,-97.214237,911,"NA","US","US-OK","Pauls Valley","no",,,,,,"OK28, 05M"
6831,"05MA","heliport","Bentley Heliport",42.691200256347656,-70.91230010986328,80,"NA","US","US-MA","Ipswich","no","05MA",,"05MA",,,
6832,"05MD","small_airport","Breezecroft Airport",39.244232,-76.198661,20,"NA","US","US-MD","Chestertown","no","05MD",,"05MD",,,
6833,"05ME","small_airport","Drisko Airport",44.65700149536133,-67.55919647216797,70,"NA","US","US-ME","Jonesboro","no","05ME",,"05ME",,,
345550,"05MI","heliport","Beaumont Hospital Taylor Heliport",42.236433,-83.276421,621,"NA","US","US-MI","Taylor","no","05MI",,"05MI",,,"Oakwood Heritage Hospital"
322876,"05MN","heliport","Northern Pines Medical Center Heliport",47.5175001,-92.2302778,1446,"NA","US","US-MN","Aurora","no","05MN",,"05MN",,,
6834,"05MO","closed","Portageville Community Heliport",36.429798,-89.680099,272,"NA","US","US-MO","Portageville","no",,,,,,"05MO"
6835,"05MS","heliport","VA Medical Center Jackson Heliport",32.32973,-90.16273,359,"NA","US","US-MS","Jackson","no","05MS",,"05MS",,,
329892,"05MT","small_airport","Jones Landing Airport",45.815368,-111.152163,4364,"NA","US","US-MT","Belgrade","no","05MT",,"05MT",,,
6836,"05NC","closed","Brunswick Community Hospital Heliport",34.008099,-78.2911,63,"NA","US","US-NC","Supply","no",,,,,,"05NC"
6837,"05NE","small_airport","Mc Kay Airport",41.7221984863,-98.3089981079,2010,"NA","US","US-NE","Spalding","no","05NE",,"05NE",,,
6838,"05NH","heliport","Stumpfield Heliport",42.92390060424805,-70.95140075683594,200,"NA","US","US-NH","Kensington","no","05NH",,"05NH",,,
6839,"05NJ","heliport","Paulus Hook Pier Heliport",40.713385,-74.03203,7,"NA","US","US-NJ","Jersey City","no","05NJ",,"05NJ",,,
537370,"05NR","small_airport","Gary Fox Airport",36.168415,-79.276908,675,"NA","US","US-NC","Mebane","no","05NR",,"05NR",,,
324404,"05NV","small_airport","Baker Ranches Airport",39.0311,-114.088219,5180,"NA","US","US-NV","Baker","no","05NV",,"05NV",,,
6840,"05NY","heliport","Oswego County At Pulaski Heliport",43.551998138427734,-76.09020233154297,445,"NA","US","US-NY","Pulaski","no","05NY",,"05NY",,,
347917,"05OG","heliport","Drill Field Pad Heliport",44.059531,-123.118951,415,"NA","US","US-OR","Eugene","no","05OG",,"05OG",,,
429744,"05OH","small_airport","Eaglecrest Field",40.184513,-81.920564,968,"NA","US","US-OH","Conesville","no","05OH",,"05OH",,,
6841,"05OI","small_airport","Dorlon Airpark",41.28839874267578,-81.96260070800781,830,"NA","US","US-OH","Columbia Station","no","05OI",,"05OI",,,
6842,"05OK","closed","Hawk Haven Airport",35.8534,-97.567497,1075,"NA","US","US-OK","Crescent","no",,,,,,"05OK"
6843,"05OR","small_airport","Peacock Ranch Airport",45.44428,-117.34722,3500,"NA","US","US-OR","Enterprise","no","05OR",,"05OR",,,
6844,"05PA","heliport","PECO Mob. Heliport",39.9548,-75.178201,110,"NA","US","US-PA","Philadelphia","no","05PA",,"05PA",,,"Philadelphia Market Street Heliport"
6845,"05PN","heliport","State Police Area Iii Heliport",40.30009841918945,-76.85800170898438,485,"NA","US","US-PA","Harrisburg","no","05PN",,"05PN",,,
6846,"05PS","small_airport","Mills Brothers Airport",40.143075,-77.86221,1210,"NA","US","US-PA","Neelyton","no","05PS",,"05PS",,,
6847,"05S","small_airport","Vernonia Airfield",45.85150146484375,-123.24199676513672,647,"NA","US","US-OR","Vernonia","no","05S",,"05S",,"https://en.wikipedia.org/wiki/Vernonia_Airfield",
6848,"05TA","small_airport","Brandes Air Field",29.809099197387695,-96.26509857177734,276,"NA","US","US-TX","Sealy","no","05TA",,"05TA",,,
6849,"05TE","small_airport","Hilde-Griff Field",30.72209930419922,-97.79139709472656,950,"NA","US","US-TX","Georgetown","no","05TE",,"05TE",,,
6850,"05TN","closed","Thurmond Glenn Field",35.556998,-89.552903,285,"NA","US","US-TN","Covington","no",,,,,,"05TN"
6851,"05TS","small_airport","Dew Drop Airport",33.12929916381836,-97.35859680175781,750,"NA","US","US-TX","Justin","no","05TS",,"05TS",,,
6852,"05TX","small_airport","Circle A Ranch Airport",32.128974,-97.404582,608,"NA","US","US-TX","Blum","no","05TX",,"05TX",,,
6853,"05UT","closed","Oljato Airport",37.033626,-110.315778,4838,"NA","US","US-UT","Oljato-Monument Valley","no",,,,,,"Ooljééʼtó, 05UT, 05UT"
6854,"05V","small_airport","Blanca Airport",37.41109848022461,-105.552001953125,7720,"NA","US","US-CO","Blanca","no","05V",,"05V",,,
6855,"05VA","small_airport","Providence Airport",37.22420120239258,-78.4186019897461,445,"NA","US","US-VA","Farmville","no","05VA",,"05VA",,,
6856,"05VT","heliport","Port of Highgate Springs Heliport",45.013301849365234,-73.08670043945312,68,"NA","US","US-VT","Highgate Springs","no","05VT",,"05VT",,,
6857,"05WA","heliport","Sacred Heart Medical Center Helistop",47.64820098876953,-117.41400146484375,2220,"NA","US","US-WA","Spokane","no","05WA",,"05WA",,,
6858,"05WI","small_airport","Ames Private Airport",42.651100158691406,-88.74590301513672,958,"NA","US","US-WI","Darien","no","05WI",,"05WI",,,
45907,"05WN","small_airport","Flat Creek Field",48.702222,-118.0475,1570,"NA","US","US-WA","Kettle Falls","no","05WN",,"05WN",,,
338863,"05XA","heliport","Moore County Hospital District Heliport",35.863631,-101.970944,3664,"NA","US","US-TX","Dumas","no","05XA",,"05XA",,,
6859,"05XS","small_airport","Johnson Memorial Airport",33.079498,-91.561391,105,"NA","US","US-AR","Wilmot","no","05XS",,"05XS",,,
6860,"05Y","small_airport","Henning Municipal Airport",46.303799,-95.439499,1455,"NA","US","US-MN","Henning","no","05Y",,"05Y",,"https://en.wikipedia.org/wiki/Henning_Municipal_Airport",
338864,"06AA","small_airport","Twisted Sisters Airport",60.540256,-150.813827,260,"NA","US","US-AK","Sterling","no","06AA",,"06AA",,,
45272,"06AK","small_airport","June Lake Airpark",61.627619,-149.575331,425,"NA","US","US-AK","Wasilla","no","06AK",,"06AK",,,
6861,"06AL","heliport","Brown Stagefield Army Heliport",31.388399124145508,-85.97239685058594,415,"NA","US","US-AL","Fort Rucker/New Brockton","no","06AL",,"06AL",,,
6862,"06AR","small_airport","Bondair Airport",35.544498443603516,-92.18489837646484,499,"NA","US","US-AR","Higden","no","06AR",,"06AR",,,
6863,"06AZ","heliport","Mercy Gilbert Medical Center Heliport",33.287759,-111.751454,1280,"NA","US","US-AZ","Gilbert","no","06AZ",,"06AZ",,,
6864,"06B","seaplane_base","Lucky Landing Marina and Seaplane Base",44.907001,-68.805,115,"NA","US","US-ME","Glenburn","no",,,"06B",,"https://en.wikipedia.org/wiki/Lucky_Landing_Marina_and_Seaplane_Base",
6865,"06CA","heliport","SCE Solar I Heliport",34.868942,-116.832024,1942,"NA","US","US-CA","Daggett","no","06CA",,"06CA",,,
6866,"06CL","heliport","Abc7-Tv Heliport",35.15719985961914,-118.28900146484375,520,"NA","US","US-CA","Glendale","no","06CL",,"06CL",,,
6867,"06CO","small_airport","Jecan Airport",37.385754,-103.691482,5100,"NA","US","US-CO","Branson","no","06CO",,"06CO",,,
6868,"06FA","small_airport","William P Gwinn Airport",26.90839958190918,-80.32890319824219,28,"NA","US","US-FL","Jupiter","no","06FA",,"06FA",,"https://en.wikipedia.org/wiki/North_Palm_Beach_County_General_Aviation_Airport",
6869,"06FD","small_airport","Grass Roots Airpark",28.641700744628906,-81.88500213623047,105,"NA","US","US-FL","Mascotte","no","06FD",,"06FD",,,
6870,"06FL","heliport","Morton Plant Hospital Heliport",27.953527,-82.806222,3,"NA","US","US-FL","Clearwater","no","06FL",,"06FL",,,
6871,"06GA","heliport","Smith Heliport",33.75339889526367,-84.16210174560547,1065,"NA","US","US-GA","Redan","no","06GA",,"06GA",,,
6872,"06I","seaplane_base","Patoka Reservoir Landing Area Seaplane Base",38.43339920043945,-86.69110107421875,536,"NA","US","US-IN","French Lick","no","06I",,"06I",,,
6873,"06IA","small_airport","Rich Field",41.841400146484375,-91.83429718017578,880,"NA","US","US-IA","Walford","no","06IA",,"06IA",,,
6874,"06ID","small_airport","Larkin Airport",43.46269989013672,-116.35900115966797,2750,"NA","US","US-ID","Kuna","no","06ID",,"06ID",,,
6875,"06IL","small_airport","Humm Airport",41.5994987487793,-88.86990356445312,708,"NA","US","US-IL","Earlville","no","06IL",,"06IL",,,
6877,"06IS","small_airport","Sinele Strip",40.5463981628418,-91.27429962158203,695,"NA","US","US-IL","Nauvoo","no","06IS",,"06IS",,,
6878,"06KS","heliport","Riverside Hospital Airlift Heliport",37.69580078125,-97.37249755859375,1332,"NA","US","US-KS","Wichita","no","06KS",,"06KS",,,
6879,"06KY","closed","Falcon Heliport",37.525902,-83.344901,751,"NA","US","US-KY","Jackson","no",,,,,,"06KY"
6880,"06LA","heliport","Panther Helicopters Inc Heliport",29.84606,-90.03216,,"NA","US","US-LA","Belle Chasse","no","06LA",,"06LA",,,
6881,"06LL","closed","Hammersmith Heliport",41.872301,-88.491982,812,"NA","US","US-IL","Elburn","no",,,,,,"06LL"
6882,"06LS","heliport","Tembec Heliport",30.70789909362793,-91.32019805908203,85,"NA","US","US-LA","St Francisville","no","06LS",,"06LS",,,
6883,"06MA","heliport","The Barn Heliport",42.69060134887695,-71.60900115966797,210,"NA","US","US-MA","Pepperell","no","06MA",,"06MA",,,
6884,"06MD","heliport","Johns Hopkins Bayview Hospital Heliport",39.291401,-76.546303,132,"NA","US","US-MD","Baltimore","no","06MD",,"06MD",,,
322276,"06ME","heliport","Barker Heliport",44.415247,-70.844275,649,"NA","US","US-ME","Bethel","no","06ME",,"06ME",,,
6885,"06MI","heliport","Henry Ford Jackson Hospital Heliport",42.251025,-84.391319,978,"NA","US","US-MI","Jackson","no","06MI",,"06MI",,,"W A Foote Memorial Hospital"
6887,"06MO","small_airport","Noahs Ark Airport",39.23059844970703,-94.80439758300781,755,"NA","US","US-MO","Waldron","no","06MO",,"06MO",,,
6888,"06MT","small_airport","Torgerson Airport",48.558696,-112.117095,3541,"NA","US","US-MT","Ethridge","no","06MT",,"06MT",,,
6889,"06N","small_airport","Randall Airport",41.431999,-74.391602,523,"NA","US","US-NY","Middletown","no","K06N",,"06N",,"https://en.wikipedia.org/wiki/Randall_Airport",
6890,"06NC","small_airport","Tailwinds Airport",34.82749938964844,-78.9302978515625,163,"NA","US","US-NC","St. Pauls","no","06NC",,"06NC",,,
6891,"06ND","small_airport","Fitterer's Strip",46.7489013671875,-101.66899871826172,2180,"NA","US","US-ND","Glen Ullin","no","06ND",,"06ND",,,
6892,"06NE","heliport","St Marys Hospital Heliport",40.68000030517578,-95.86170196533203,1015,"NA","US","US-NE","Nebraska City","no","06NE",,"06NE",,,
6893,"06NH","small_airport","Cole Farm Airport",42.92839813232422,-70.97309875488281,160,"NA","US","US-NH","Kensington","no","06NH",,"06NH",,,
6894,"06NJ","closed","Chemical Bank - New Jersey Na Heliport",39.950102,-74.999603,25,"NA","US","US-NJ","Moorestown","no",,,,,,"06NJ"
324414,"06NV","small_airport","Silver Creek Airport",39.098333,-114.150277,5556,"NA","US","US-NV","Baker","no","06NV",,"06NV",,,
6895,"06NY","small_airport","Murphy Field",42.836797,-76.437614,1100,"NA","US","US-NY","Auburn","no","06NY",,"06NY",,,
6896,"06O1","heliport","Saint Elizabeth Medical Center Heliport",41.11479949951172,-80.65699768066406,1020,"NA","US","US-OH","Youngstown","no","06O1",,"06O1",,,
6897,"06OH","small_airport","Hal Joy Airfield",41.50979995727539,-80.59120178222656,1160,"NA","US","US-OH","Williamsfield","no","06OH",,"06OH",,,
6898,"06OI","small_airport","Green Acres Airport",39.734798431396484,-84.3822021484375,915,"NA","US","US-OH","New Lebanon","no","06OI",,"06OI",,,
6899,"06OK","heliport","Albert Lodge Heliport",36.54169845581055,-94.83360290527344,900,"NA","US","US-OK","Grove","no","06OK",,"06OK",,,
6900,"06OR","small_airport","Hayden Mountain Airport",45.4650993347168,-123.08000183105469,850,"NA","US","US-OR","Forest Grove","no","06OR",,"06OR",,,
6901,"06PA","small_airport","Freefall Oz Airport",41.995792,-78.288152,1440,"NA","US","US-PA","Ceres","no","06PA",,"06PA",,,"04D, Ceres Airport"
45764,"06PN","heliport","Schiavoni Heliport",40.382733,-76.772533,727,"NA","US","US-PA","Harrisburg","no","06PN",,"06PN",,,
6902,"06PS","heliport","Cherokee Island Castle Heliport",40.40230178833008,-79.92130279541016,760,"NA","US","US-PA","West Homestead","no","06PS",,"06PS",,,
6903,"06R","closed","Grawunder Field",29.941065,-96.245298,289,"NA","US","US-TX","Bellville","no",,,,,,"06R"
6904,"06SN","closed","Beyer Farm Airport",37.581088,-97.2575,1340,"NA","US","US-KS","Derby","no",,,,,,"06SN"
6905,"06TA","small_airport","Glaser Field",30.90850067138672,-97.11689758300781,480,"NA","US","US-TX","Buckholts","no","06TA",,"06TA",,,
6906,"06TE","small_airport","Ainsworth Airport",30.312700271606445,-95.02690124511719,129,"NA","US","US-TX","Cleveland","no","06TE",,"06TE",,,
6907,"06TN","small_airport","Hunter Airport",35.696962,-86.957767,640,"NA","US","US-TN","Columbia","no","06TN",,"06TN",,,"Hunter Field, Hunter's Field, Hunter STOLport"
6908,"06TS","closed","Roscoe Mc Connico Airport",32.120701,-96.179101,350,"NA","US","US-TX","Kerens","no",,,,,,"06TS"
340868,"06TT","small_airport","6 Mile Airpark",30.860024,-100.201996,2165,"NA","US","US-TX","Fort McKavett","no","06TT",,"06TT",,,
6909,"06TX","small_airport","Diamond N Ranch Airport",30.057919,-95.812489,215,"NA","US","US-TX","Hockley","no","06TX",,"06TX",,,
6910,"06VA","small_airport","Mount Horeb Field",38.249000549316406,-78.85530090332031,1160,"NA","US","US-VA","Grottoes","no","06VA",,"06VA",,,
6911,"06WA","heliport","N A Degerstrom Yard Heliport",47.68629837036133,-117.197998046875,2013,"NA","US","US-WA","Spokane","no","06WA",,"06WA",,,
6912,"06WI","closed","Young Private Airport",45.662701,-92.450203,1075,"NA","US","US-WI","Frederic","no",,,,,,"06WI"
15372,"06WN","small_airport","Western Airpark",46.92499923706055,-122.5530014038086,394,"NA","US","US-WA","Yelm","no","06WN",,"06WN",,,"Formerly 92W"
350921,"06XA","small_airport","J & W Windy Hill Airport",33.445914,-96.57079,784,"NA","US","US-TX","Van Alstyne","no","06XA",,"06XA",,,
6913,"06XS","small_airport","Campbell Field",33.322933,-97.045019,546,"NA","US","US-TX","Aubrey","no","06XS",,"06XS",,,
6914,"06Y","small_airport","Herman Municipal Airport",45.83000183105469,-96.16059875488281,1068,"NA","US","US-MN","Herman","no","06Y",,"06Y",,,
318194,"07AA","small_airport","Pan Lake Strip Airport",61.695964,-149.954903,357,"NA","US","US-AK","Willow","no","07AA",,"07AA",,,"Frying Pan Lake, Rappin Rappe"
6915,"07AL","heliport","Tac X Stagefield Army Heliport",31.125200271606445,-85.9791030883789,132,"NA","US","US-AL","Fort Rucker/Samson","no","07AL",,"07AL",,,
514275,"07AN","small_airport","Bro Majors Airfield",62.825556,-149.910807,1408,"NA","US","US-AK","Trapper Creek","no","07AN",,"07AN",,,
6916,"07AR","small_airport","Morrilton Airport",35.194339,-92.802473,300,"NA","US","US-AR","Morrilton","no","07AR",,"07AR",,,
6917,"07AZ","closed","John C Lincoln Hospital Heliport",33.5667,-112.069,1255,"NA","US","US-AZ","Phoenix","no",,,,,,"07AZ"
6918,"07B","small_airport","Blue Hill Airport",44.448001861572266,-68.5697021484375,360,"NA","US","US-ME","Blue Hill","no","07B",,"07B",,,
6919,"07CA","closed","West Side Hospital Heliport",35.138949,-119.451463,850,"NA","US","US-CA","Taft","no",,,,,,"07CA"
6920,"07CL","small_airport","Richvale Airport",39.49769973754883,-121.77100372314453,100,"NA","US","US-CA","Richvale","no","07CL",,"07CL",,,
6921,"07CO","small_airport","Comanche Creek Airport",39.26359939575195,-104.427001953125,6620,"NA","US","US-CO","Kiowa","no","07CO",,"07CO",,,
6922,"07CT","closed","TNT Heliport",41.4529,-72.249603,430,"NA","US","US-CT","Salem","no",,,,,,"07CT"
6923,"07D","closed","Tackaberry Airport",43.064499,-82.723801,764,"NA","US","US-MI","Avoca","no",,,,,,"07D"
6924,"07FA","small_airport","Ocean Reef Club Airport",25.325399398804,-80.274803161621,8,"NA","US","US-FL","Key Largo","no","07FA","OCA","07FA","https://www.oceanreef.com/community/private-airport-1345.html","https://en.wikipedia.org/wiki/Ocean_Reef_Club_Airport",
6925,"07FD","closed","Flying G Ranch STOLport",30.417999,-83.283796,90,"NA","US","US-FL","Lee","no",,,,,,"07FD"
6926,"07FL","closed","Southwest Florida Regional Medical Center Heliport",26.6054,-81.859497,18,"NA","US","US-FL","Fort Myers","no",,,,,,
6927,"07GA","small_airport","Alcovy Airport",33.674263,-83.764637,750,"NA","US","US-GA","Covington","no","07GA",,"07GA",,,
519833,"07GE","small_airport","Pope Pate Field",31.555662,-83.27849,335,"NA","US","US-GA","Ocilla","no","07GE",,"07GE",,,
6928,"07I","seaplane_base","Lake Monroe Seaplane Base",39.05870056152344,-86.44609832763672,538,"NA","US","US-IN","Bloomington","no","07I",,"07I",,,
355064,"07IA","small_airport","Hoskins Landing",40.647888,-95.02135,971,"NA","US","US-IA","Shambaugh","no","07IA",,"07IA",,,
6929,"07ID","closed","Interstate Airport",42.274991,-113.301229,4580,"NA","US","US-ID","Malta","no",,,,,,"07ID"
6930,"07II","heliport","St Vincent Jennings Hospital Heliport",39.01060104370117,-85.64080047607422,740,"NA","US","US-IN","North Vernon","no","07II",,"07II",,,
6931,"07IN","small_airport","Gray Airport",39.573699951171875,-85.91390228271484,750,"NA","US","US-IN","Boggstown","no","07IN",,"07IN",,,
6932,"07K","small_airport","Central City Municipal - Larry Reineke Field",41.1125984192,-98.0516967773,1717,"NA","US","US-NE","Central City","no","07K",,"07K",,,
6933,"07KS","small_airport","Heape Field",37.73419952392578,-96.93669891357422,1321,"NA","US","US-KS","Augusta","no","07KS",,"07KS",,,
6934,"07KY","small_airport","Blue Lick Airport",38.08060073852539,-85.69329833984375,532,"NA","US","US-KY","Louisville","no","07KY",,"07KY",,,
6935,"07LA","closed","Air Oil Inc Nr 1 Heliport",29.937099,-90.183701,,"NA","US","US-LA","Harahan","no",,,,,,"07LA"
6936,"07LS","heliport","Louisiana State Police Troop F Heliport",32.51825,-91.989093,80,"NA","US","US-LA","Monroe","no","07LS",,"07LS",,,
6937,"07MA","heliport","West Pond Heliport",41.91699981689453,-70.70950317382812,149,"NA","US","US-MA","Plymouth","no","07MA",,"07MA",,,
6938,"07MD","small_airport","Baugher's Orchard Airport",39.608299255371094,-77.0519027709961,700,"NA","US","US-MD","Westminster","no","07MD",,"07MD",,,
6939,"07ME","heliport","Westbrook Heliport",43.73830032348633,-70.33920288085938,250,"NA","US","US-ME","Westbrook","no","07ME",,"07ME",,,
6940,"07MI","small_airport","Scott Airstrip",43.864200592041016,-85.0239028930664,1065,"NA","US","US-MI","Lake","no","07MI",,"07MI",,,
6941,"07MN","small_airport","Dairyview Airport",44.05500030517578,-95.90950012207031,1680,"NA","US","US-MN","Hadley","no","07MN",,"07MN",,,
6942,"07MO","small_airport","Lake Sexton Airport",38.655553,-93.624458,880,"NA","US","US-MO","Warrensburg","no","07MO",,"07MO",,,
6943,"07MT","small_airport","Glasgow Industrial Airport",48.421101,-106.528,2762,"NA","US","US-MT","Glasgow","no","07MT",,"07MT",,"https://en.wikipedia.org/wiki/Glasgow_Industrial_Airport","Glasgow Air Force Base"
6944,"07N","small_airport","Bermudian Valley Airpark",40.0168,-77.003899,470,"NA","US","US-PA","Washington Township","no","K07N",,"07N",,,
6945,"07NC","small_airport","Hawks Meadow Airport",34.83319854736328,-80.7511978149414,625,"NA","US","US-NC","Waxhaw","no","07NC",,"07NC",,,
6946,"07NH","seaplane_base","Diving Rock Seaplane Base",43.17559814453125,-72.06390380859375,1404,"NA","US","US-NH","Washington","no","07NH",,"07NH",,,
6947,"07NJ","heliport","Hackensack UMC Palisades Heliport",40.793666,-73.994863,10,"NA","US","US-NJ","North Bergen","no","07NJ",,"07NJ",,,"Palisades General Hospital Heliport"
324410,"07NV","small_airport","Border Line Farm Airport",39.102239,-114.053472,5120,"NA","US","US-NV","Baker","no","07NV",,"07NV",,,
6948,"07NY","heliport","Mmc Heliport",42.66640090942383,-74.76499938964844,1320,"NA","US","US-NY","Monticello","no","07NY",,"07NY",,,
6949,"07OH","closed","Tennessee Gas Heliport",39.9373,-81.683503,1025,"NA","US","US-OH","Claysville","no",,,,,,"07OH"
6950,"07OK","small_airport","Pleasant Valley Airport",34.633399963378906,-99.03369903564453,1322,"NA","US","US-OK","Snyder","no","07OK",,"07OK",,,
6951,"07OR","small_airport","Bruce's Airport",45.42179870605469,-122.62000274658203,250,"NA","US","US-OR","Milwaukie","no","07OR",,"07OR",,,
45747,"07PN","small_airport","Folmar Airport",40.998889,-78.125278,1690,"NA","US","US-PA","Grassflat","no","07PN",,"07PN",,,
349103,"07PR","heliport","Advanced Public Health of Isabela Heliport",18.489403,-67.026333,289,"NA","PR","PR-U-A","Isabela","no","07PR",,"07PR",,,
6952,"07SN","closed","Churchill Airport",39.7728,-99.3601,1965,"NA","US","US-KS","Phillipsburg","no",,,,,,"07SN"
6953,"07TA","small_airport","Salaika Aviation Airport",29.240519,-95.344658,30,"NA","US","US-TX","Danbury","no","07TA",,"07TA",,,"Salaika Aviation Heliport"
6954,"07TE","small_airport","Cuddihy Field",27.7211,-97.512802,39,"NA","US","US-TX","Corpus Christi","no","07TE","CUX","07TE",,,
6955,"07TN","closed","Corntassel Airport",35.5686,-84.241096,970,"NA","US","US-TN","Vonore","no",,,,,,"07TN"
6956,"07TS","small_airport","Cross-Country Estates Airport",30.625381,-97.571425,690,"NA","US","US-TX","Hutto","no","07TS",,"07TS",,,
6957,"07TX","heliport","Pecks Heliport",33.183998107910156,-96.447998046875,660,"NA","US","US-TX","Princeton","no","07TX",,"07TX",,,
310114,"07UT","small_airport","E Northrop Grumman Airport",41.716667,-112.447222,4480,"NA","US","US-UT","Howell","no","07UT",,"07UT",,,"UT23, Air Force Plant 78 Airfield, ATK/Thiokol Airport"
6958,"07VA","small_airport","Alpha Hotel Airport",36.81959915161133,-78.78309631347656,350,"NA","US","US-VA","Clover","no","07VA",,"07VA",,,
6959,"07VT","small_airport","Meadow STOLport",44.447200775146484,-72.91470336914062,801,"NA","US","US-VT","Jericho","no","07VT",,"07VT",,,
6960,"07WA","heliport","Multicare Deaconess Hospital Heliport",47.651637,-117.424477,2110,"NA","US","US-WA","Spokane","no","07WA",,"07WA",,,"Deaconess Medical Center Heliport"
6961,"07WI","closed","Bartell Strip",42.965302,-88.391502,990,"NA","US","US-WI","Genessee Depot","no",,,,,,"07WI"
346208,"07WY","small_airport","Stallions Airport",44.960084,-106.105925,4074,"NA","US","US-WY","Sheridan","no","07WY",,"07WY",,,
341553,"07XA","heliport","Luecke Heliport",29.906488,-97.214397,451,"NA","US","US-TX","Smithville","no","07XA",,"07XA",,,
6962,"07XS","heliport","Allen Ponderosa Heliport",32.542198181152344,-97.3917007446289,840,"NA","US","US-TX","Crowley","no","07XS",,"07XS",,,
6963,"07Y","small_airport","Hill City-Quadna Mountain Airport",46.955501556396484,-93.5969009399414,1289,"NA","US","US-MN","Hill City","no","07Y",,"07Y",,,
45248,"08AK","small_airport","Fisher Airport",61.568743,-149.725757,200,"NA","US","US-AK","Big Lake","no","08AK",,"08AK",,,
332752,"08AL","seaplane_base","Little Lagoon Seaplane Base",30.243717,-87.754678,8,"NA","US","US-AL","Gulf Shores","no","08AL",,"08AL",,,
523547,"08AN","small_airport","Base Camp Airstrip",61.704295,-149.212506,892,"NA","US","US-AK","Palmer,","no","08AN",,"08AN",,,
6964,"08AR","closed","Crittenden Regional Hospital Heliport",35.142046,-90.190212,206,"NA","US","US-AR","West Memphis","no",,,,,,"08AR"
6965,"08AZ","heliport","Mesa Police Heliport",33.417669,-111.838835,1240,"NA","US","US-AZ","Mesa","no","08AZ",,"08AZ",,,
6966,"08B","small_airport","Merrymeeting Field",44,-69.88710021972656,65,"NA","US","US-ME","Bowdoinham","no","08B",,"08B",,,
6967,"08CA","heliport","PG&E Placerville Service Center Heliport",38.695211,-120.826086,1810,"NA","US","US-CA","Placerville","no","08CA",,"08CA",,,
6968,"08CL","small_airport","Kistler Ranch Airport",37.858272,-120.552079,1025,"NA","US","US-CA","Jamestown","no","08CL",,"08CL",,,
45316,"08CN","heliport","Tulare Motor Sports #1 Heliport",36.172031,-119.306181,270,"NA","US","US-CA","Tulare","no","08CN",,"08CN",,,
6969,"08CO","small_airport","Terra Firma Airport",38.73249816894531,-104.04100036621094,5600,"NA","US","US-CO","Rush","no","08CO",,"08CO",,,
6970,"08CT","seaplane_base","Seavair's Landing Seaplane Base",41.895999908447266,-73.09310150146484,881,"NA","US","US-CT","Winsted","no","08CT",,"08CT",,,
6971,"08F","small_airport","City of Coalgate Airport",34.53179931640625,-96.23310089111328,615,"NA","US","US-OK","Coalgate","no","08F",,"08F",,,
6972,"08FA","small_airport","Duda Airstrip",26.57979965209961,-81.48370361328125,35,"NA","US","US-FL","La Belle","no","08FA",,"08FA",,,
6973,"08FD","small_airport","Sunniland Ranch Airport",27.363100051879883,-80.77279663085938,65,"NA","US","US-FL","Okeechobee","no","08FD",,"08FD",,,
6974,"08FL","small_airport","J. H. Hendrie Farms Airport",27.08449935913086,-81.32869720458984,103,"NA","US","US-FL","Lake Placid","no","08FL",,"08FL",,,
6975,"08G","heliport","Salt Fork Lodge Heliport",40.11090087890625,-81.52619934082031,960,"NA","US","US-OH","Cambridge","no","08G",,"08G",,,
6976,"08GA","small_airport","Sapelo Island Airport",31.425800323486328,-81.28589630126953,12,"NA","US","US-GA","Darien","no","08GA",,"08GA",,,
6977,"08ID","small_airport","Symms Airport",43.56930160522461,-116.7770004272461,2680,"NA","US","US-ID","Marsing","no","08ID",,"08ID",,,
6978,"08II","heliport","Parkview Lagrange Hospital Heliport",41.645085,-85.426386,943,"NA","US","US-IN","Lagrange","no","08II",,"08II",,,"Lagrange Hospital Heliport"
6979,"08IL","closed","Harms Airstrip",41.577,-89.793999,643,"NA","US","US-IL","Tampico","no",,,,,,"08IL"
45416,"08IN","seaplane_base","Winona Lake Seaplane Base",41.223056,-85.830556,812,"NA","US","US-IN","Winona Lake","no","K02D",,"02D",,,"08IN"
6980,"08IS","small_airport","Hemmer RLA Restricted Landing Area",37.977798461899994,-89.20290374759999,400,"NA","US","US-IL","Du Quoin","no","08IS",,"08IS",,,
6981,"08KS","small_airport","Alderson Airport",39.034698486328125,-97.58000183105469,1250,"NA","US","US-KS","Bennington","no","08KS",,"08KS",,,
334339,"08KT","heliport","Deaconess Union County Hospital Heliport",37.628414,-87.946994,435,"NA","US","US-KY","Morganfield","no","08KT",,"08KT",,,"Methodist Health"
6982,"08KY","small_airport","Boss Airport",36.972599029541016,-84.6260986328125,820,"NA","US","US-KY","Burnside","no","08KY",,"08KY",,,
6983,"08LA","heliport","Air Oil Inc Nr 2 Heliport",29.952999114990234,-90.18260192871094,4,"NA","US","US-LA","Harahan","no","08LA",,"08LA",,,
6984,"08LL","small_airport","Sauer Airport",41.074423,-88.488693,665,"NA","US","US-IL","Dwight","no","08LL",,"08LL",,,
6985,"08LS","small_airport","Aeleron Airport",30.40829,-92.033444,51,"NA","US","US-LA","Sunset","no","08LS",,"08LS",,,
6986,"08MA","small_airport","Wormid Airport",42.29399871826172,-71.49620056152344,360,"NA","US","US-MA","Southborough","no","08MA",,"08MA",,,
6987,"08MD","heliport","UM Saint Joseph Medical Center Heliport",39.388411,-76.610815,470,"NA","US","US-MD","Towson","no","08MD",,"08MD",,,"St Joseph Hospital Heliport"
6988,"08ME","small_airport","Lindbergh Airport",44.81539,-70.34851,554,"NA","US","US-ME","Avon","no","08ME",,"08ME",,,"10M, Raymond, Phillips"
6989,"08MI","heliport","Sparrow Hospital Heliport",42.734474,-84.536046,1019,"NA","US","US-MI","Lansing","no","08MI",,"08MI",,,
6990,"08MN","seaplane_base","Christenson Point Seaplane Base",47.66939926147461,-93.05439758300781,1372,"NA","US","US-MN","Chisholm/Hibbing","no","08MN",,"08MN",,,
6991,"08MO","small_airport","Twin Oaks Airport",37.395599,-94.283798,955,"NA","US","US-MO","Jasper","no","08MO",,"08MO",,,
6992,"08MS","small_airport","Midsouth Airpark",34.661506,-89.869628,345,"NA","US","US-MS","Coldwater","no","08MS",,"08MS",,,"Williams Field"
6993,"08MT","small_airport","Matovich Airport",47.065679,-108.809624,3450,"NA","US","US-MT","Grass Range","no","08MT",,"08MT",,,"Clark Airport"
6994,"08N","small_airport","Keller Brothers Airport",40.291801,-76.328796,550,"NA","US","US-PA","Lebanon","no","08N",,"08N",,"https://en.wikipedia.org/wiki/Keller_Brothers_Airport",
6995,"08NC","small_airport","Whiteheart Farm Airport",36.06760025024414,-80.4655990600586,750,"NA","US","US-NC","Lewisville","no","08NC",,"08NC",,,
6996,"08ND","small_airport","Brecht Strip",47.32310104370117,-102.0979995727539,1990,"NA","US","US-ND","Golden Valley","no","08ND",,"08ND",,,
6997,"08NE","small_airport","Laurel Municipal Airport",42.430484,-97.078731,1467,"NA","US","US-NE","Laurel","no","08NE",,"08NE",,,
6998,"08NH","heliport","Memorial Hospital Heliport",44.0612983704,-71.1358032227,574,"NA","US","US-NH","North Conway","no","08NH",,"08NH",,,
6999,"08NJ","heliport","St Barnabas Medical Center Heliport",40.76259994506836,-74.30400085449219,429,"NA","US","US-NJ","Livingston","no","08NJ",,"08NJ",,,
345570,"08NR","small_airport","Bell Mountain Airport",35.217541,-82.426,2150,"NA","US","US-NC","Zirconia","no","08NR",,"08NR",,,
7000,"08NY","small_airport","Md1 Airport",41.368099212646484,-74.50559997558594,650,"NA","US","US-NY","Middletown","no","08NY",,"08NY",,,
7001,"08OH","small_airport","Kenley Airport",41.29169845581055,-80.5636978149414,1230,"NA","US","US-OH","Hartford","no","08OH",,"08OH",,,
7002,"08OK","small_airport","Parks Airport",34.93149948120117,-95.25830078125,635,"NA","US","US-OK","Wilburton","no","08OK",,"08OK",,,
327859,"08OL","small_airport","Broken B Airport",35.408087,-98.605477,1518,"NA","US","US-OK","Hydro","no","08OL",,"08OL",,,
7003,"08OR","small_airport","Saxon Sycan Airport",42.838,-121.11509,4990,"NA","US","US-OR","Summer Lake","no","08OR",,"08OR",,,
7004,"08PA","heliport","Pocono Raceway Heliport",41.055358,-75.512039,1812,"NA","US","US-PA","Long Pond","no","08PA",,"08PA",,,
7005,"08PN","heliport","Thomson Heliport",40.0458984375,-76.28079986572266,310,"NA","US","US-PA","Lancaster","no","08PN",,"08PN",,,
7006,"08R","small_airport","Richmond Airport",41.489498,-71.620598,130,"NA","US","US-RI","West Kingston","no",,,"08R",,"https://en.wikipedia.org/wiki/Richmond_Airport_(Rhode_Island)","RI04"
345365,"08SD","heliport","Douglas County Memorial Hospital Heliport",43.325923,-98.345152,1523,"NA","US","US-SD","Armour","no","08SD",,"08SD",,,
7007,"08TA","heliport","Rancho Del Lago Heliport",29.97842,-98.258418,1208,"NA","US","US-TX","Fischer","no","08TA",,"08TA",,,
7008,"08TE","closed","B J McCombs Sisterdale Airport",29.975331,-98.742451,1447,"NA","US","US-TX","Comfort","no",,,,,,"08TE"
334331,"08TN","small_airport","PTC Airport",35.298914,-86.474357,820,"NA","US","US-TN","Fayetteville","no","08TN",,"08TN",,,
7009,"08TS","closed","Puesta Del Sol Airport",26.881331,-98.504885,420,"NA","US","US-TX","La Gloria","no",,,,,,"08TS"
343404,"08TT","small_airport","LZ Tango Charlie Airport",30.308803,-99.022228,2054,"NA","US","US-TX","Fredericksburg","no","08TT",,"08TT",,,
7010,"08TX","small_airport","Cross Wind Airport",32.85789,-97.744303,1040,"NA","US","US-TX","Weatherford","no","08TX",,"08TX",,,
7011,"08U","small_airport","Stevens-Crosby Airport",41.515701,-115.860001,6397,"NA","US","US-NV","Elko","no","K08U",,"08U",,,
545821,"08UT","small_airport","Pinelodge Runway",38.335017,-109.135176,7175,"NA","US","US-UT","La Sal","no","08UT",,"08UT",,,
7012,"08VA","small_airport","Springwood Airstrip",37.55400085449219,-79.74980163574219,1000,"NA","US","US-VA","Buchanan","no","08VA",,"08VA",,,
7013,"08WA","closed","Manchester Laboratory Heliport",47.574299,-122.547997,2,"NA","US","US-WA","Manchester","no",,,,,,"08WA"
7014,"08WI","closed","Pierick Airport",43.04359817504883,-90.3551025390625,1225,"NA","US","US-WI","Highland","no",,,,,,"08WI, 08WI, 08WI"
322194,"08XA","small_airport","Knolle Ranch Airport",30.479253,-96.504031,280,"NA","US","US-TX","Snook","no","08XA",,"08XA",,,
7015,"08XS","small_airport","Peterson Airport",29.10810089111328,-95.77749633789062,45,"NA","US","US-TX","Old Ocean","no","08XS",,"08XS",,,
329058,"09AA","heliport","Sheldon Chalet Heliport",62.969888,-150.75375,5742,"NA","US","US-AK","Talkeetna","no","09AA",,"09AA",,,
45270,"09AK","small_airport","West Beaver Airport",61.589361,-149.847333,228,"NA","US","US-AK","Big Lake","no","09AK",,"09AK",,,
352228,"09AL","heliport","Greene County Hospital & Nursing Home Heliport",32.842385,-87.890523,218,"NA","US","US-AL","Eutaw","no","09AL",,"09AL",,,
7016,"09AR","heliport","Magnolia Hospital Heliport",33.27320098876953,-93.23989868164062,310,"NA","US","US-AR","Magnolia","no","09AR",,"09AR",,,
7017,"09AZ","small_airport","Stronghold Airport",31.924848,-110.040007,4970,"NA","US","US-AZ","St David","no","09AZ",,"09AZ",,,
7018,"09CA","heliport","Mee Memorial Hospital Heliport",36.205514,-121.132541,320,"NA","US","US-CA","King City","no","09CA",,"09CA",,,
7019,"09CL","small_airport","Alta Sierra Airport",39.113800048828125,-121.05699920654297,2275,"NA","US","US-CA","Grass Valley","no","09CL",,"09CL",,,
45317,"09CN","heliport","Tulare Motor Sports #2 Heliport",36.182556,-119.313572,272,"NA","US","US-CA","Tulare","no","09CN",,"09CN",,,
7020,"09CO","small_airport","Cottonwood Field",38.055275,-103.650769,4180,"NA","US","US-CO","Rocky Ford","no","09CO",,"09CO",,,
7021,"09FA","small_airport","Placid Lakes Airport",27.2455997467041,-81.41310119628906,130,"NA","US","US-FL","Lake Placid","no","09FA",,"09FA",,,
7022,"09FD","small_airport","Cheryl-Lane Landings Airport",28.671100616455078,-82.0873031616211,71,"NA","US","US-FL","Bushnell","no","09FD",,"09FD",,,
7023,"09FL","closed","Sunnybreeze Airport",27.049955,-81.970739,60,"NA","US","US-FL","Arcadia","no",,,,,,"09FL"
7024,"09GA","small_airport","Sunbelt Strip",31.120995,-83.67063,230,"NA","US","US-GA","Moultrie","no","09GA",,"09GA",,,
7025,"09I","seaplane_base","International Falls Seaplane Base",48.60580062866211,-93.37079620361328,1110,"NA","US","US-MN","International Falls","no","09I",,"09I",,,
7026,"09IA","small_airport","Skydive Iowa Airport",41.745441,-92.411547,820,"NA","US","US-IA","Brooklyn","no","09IA",,"09IA",,,"Val-Air Airport"
7027,"09ID","small_airport","Taylor Ranch Landing Area Airport",45.10390090942383,-114.8550033569336,3835,"NA","US","US-ID","Moscow","no","09ID",,"09ID",,,
7028,"09II","small_airport","Gibbons Field",38.44729995727539,-86.44499969482422,880,"NA","US","US-IN","Valeene","no","09II",,"09II",,,
7029,"09IL","closed","Silver Cross Hospital Heliport",41.536183,-88.052279,610,"NA","US","US-IL","Joliet","no",,,,,,"09IL"
7030,"09IN","small_airport","Gordon Airport",41.123265,-85.42496,850,"NA","US","US-IN","Columbia City","no","09IN",,"09IN",,,
7031,"09IS","heliport","Swedish American Heliport",42.26499938964844,-89.07430267333984,874,"NA","US","US-IL","Rockford","no","09IS",,"09IS",,,
7032,"09KS","small_airport","Coffman Airport",38.707000732421875,-95.13829803466797,970,"NA","US","US-KS","Wellsville","no","09KS",,"09KS",,,
7033,"09KY","heliport","Baptist Hospital East Heliport",38.23899841308594,-85.63939666748047,531,"NA","US","US-KY","Louisville","no","09KY",,"09KY",,,
7034,"09LA","heliport","Era Helicopters Fourchon Helibase Heliport",29.126972,-90.206659,2,"NA","US","US-LA","Golden Meadow","no","09LA",,"09LA",,,
7035,"09LL","small_airport","Pine Hill Airport",42.468101501464844,-88.74320220947266,1000,"NA","US","US-IL","Capron","no","09LL",,"09LL",,,
7036,"09LS","heliport","West Feliciana Sheriff's Office Heliport",30.824399948120117,-91.38459777832031,181,"NA","US","US-LA","St Francisville","no","09LS",,"09LS",,,
7037,"09MA","small_airport","Kallander Field",42.304298400878906,-71.50589752197266,403,"NA","US","US-MA","Southborough","no","09MA",,"09MA",,,
541158,"09MD","heliport","Fly Deep Creek Heliport",39.576412,-79.372047,2628,"NA","US","US-MD","McHenry","no","09MD",,"09MD",,,
7038,"09ME","small_airport","Perrotti Skyranch Airfield",43.34080123901367,-70.85469818115234,260,"NA","US","US-ME","Berwick","no","09ME",,"09ME",,,
7039,"09MI","heliport","Michigan National Guard Headquarters Heliport",42.708099365234375,-84.56079864501953,842,"NA","US","US-MI","Lansing","no","09MI",,"09MI",,,
7040,"09MN","closed","W Johnson Field",44.779999,-95.663109,1060,"NA","US","US-MN","Hazel Run","no",,,,,,"09MN"
7041,"09MO","small_airport","Hogue Farm Airport",37.37839889526367,-93.36329650878906,1210,"NA","US","US-MO","Willard","no","09MO",,"09MO",,,
523550,"09MT","small_airport","Paint Creek Ranch Airport",45.909346,-113.763183,5060,"NA","US","US-MT","Sula","no","09MT",,"09MT",,,
7042,"09N","small_airport","Airhaven Airport",41.83259963989258,-73.8759994506836,450,"NA","US","US-NY","Staatsburg","no","09N",,"09N",,,
7043,"09NC","small_airport","William Irving Lewis Airport",35.32929992675781,-79.02999877929688,310,"NA","US","US-NC","Broadway","no","09NC",,"09NC",,,
7044,"09NE","small_airport","Summer Hill Farm Airport",41.33330154418945,-96.193603515625,1250,"NA","US","US-NE","Bennington","no","09NE",,"09NE",,,
7045,"09NJ","heliport","Stonebridge Farm Helistop",40.65370178222656,-74.6865005493164,100,"NA","US","US-NJ","Somerville","no","09NJ",,"09NJ",,,
324843,"09NR","small_airport","Dakota Air Ranch Airport",35.650122,-79.650311,561,"NA","US","US-NC","Ramseur","no","09NR",,"09NR",,,
557310,"09NV","heliport","West Henderson Hospital Heliport",35.979689,-115.150183,2374,"NA","US","US-NV","Henderson","no","09NV",,"09NV",,,
7046,"09NY","heliport","Spring Lake Fire Department Heliport",41.92890167236328,-74.04889678955078,254,"NA","US","US-NY","Kingston","no","09NY",,"09NY",,,
7047,"09OK","small_airport","Ragtime Aerodrome",36.35449981689453,-95.86389923095703,700,"NA","US","US-OK","Collinsville","no","09OK",,"09OK",,,
7048,"09OR","heliport","Mid-Columbia Medical Center Heliport",45.587235,-121.163827,487,"NA","US","US-OR","The Dalles","no","09OR",,"09OR",,"https://en.wikipedia.org/wiki/Mid-Columbia_Medical_Center_Heliport",
7049,"09PA","small_airport","Eagle Field",40.82699966430664,-77.98809814453125,1780,"NA","US","US-PA","Port Matilda","no","09PA",,"09PA",,,
7050,"09PN","heliport","Hundley Residence Heliport",40.5620002746582,-75.1427001953125,480,"NA","US","US-PA","Kintersville","no","09PN",,"09PN",,,
7051,"09S","small_airport","Sullivan Lake State Airport",48.84090042114258,-117.28399658203125,2614,"NA","US","US-WA","Metaline Falls","no","09S",,"09S",,,
14580,"09TA","small_airport","Lazy G Bar Ranch Airport",33.282101,-97.497002,923,"NA","US","US-TX","Decatur","no",,,"09T",,"https://en.wikipedia.org/wiki/Lazy_G_Bar_Ranch_Airport","Formerly 82T, 09TA"
7052,"09TE","small_airport","Running M Ranch Airport",32.262923,-97.863764,787,"NA","US","US-TX","Glen Rose","no","09TE",,"09TE",,,
7053,"09TN","heliport","Univ of Tennessee Medical Center Heliport",35.94169998168945,-83.94400024414062,924,"NA","US","US-TN","Knoxville","no","09TN",,"09TN",,,
7054,"09TS","small_airport","Pitcock Rosillos Mountain Ranch Airport",29.48240089416504,-103.16500091552734,3100,"NA","US","US-TX","Marathon","no","09TS",,"09TS",,,
7055,"09TX","small_airport","Smokey Mountain Ranch Airport",30.737626,-102.02332,2522,"NA","US","US-TX","Sheffield","no","09TX",,"09TX",,,
7056,"09VA","small_airport","Alum Ridge STOLport",36.97650146484375,-80.493896484375,2375,"NA","US","US-VA","Floyd","no","09VA",,"09VA",,,
7057,"09VG","heliport","Augusta Medical Center Heliport",38.09080123901367,-78.98500061035156,1390,"NA","US","US-VA","Fishersville","no","09VG",,"09VG",,,
7058,"09W","heliport","South Capitol Street Heliport",38.868612,-77.008367,10,"NA","US","US-DC","Washington","no",,,"09W",,,"DC12"
7059,"09WA","heliport","Holy Family Hospital Heliport",47.71039962768555,-117.40699768066406,2081,"NA","US","US-WA","Spokane","no","09WA",,"09WA",,,
7060,"09WI","small_airport","Parkway Farm Strip",44.00360107421875,-91.30760192871094,705,"NA","US","US-WI","Holmen","no","09WI",,"09WI",,,
7061,"09XS","heliport","Baptist Medical Center Heliport",29.433000564575195,-98.49220275878906,710,"NA","US","US-TX","San Antonio","no","09XS",,"09XS",,,
7062,"09Y","seaplane_base","Wipline Seaplane Base",44.81660079956055,-93.0155029296875,687,"NA","US","US-MN","Inver Grove Hgts","no","09Y",,"09Y",,,
322435,"0AA6","heliport","Big Salmon Heliport",59.403055,-136.013611,292,"NA","US","US-AK","Haines","no","0AA6",,"0AA6",,,
325323,"0AA7","small_airport","Kalifornsky Meadows Airport",60.491537,-151.235253,65,"NA","US","US-AK","Kenai","no","0AA7",,"0AA7",,,"Kenai Airpark"
7063,"0AK","closed","Old Pilot Station Airport",61.934601,-162.899994,308,"NA","US","US-AK","Pilot Station","no",,,,,,"0AK"
7064,"0AK0","small_airport","Scotts Airport",64.39214,-146.861823,800,"NA","US","US-AK","Salcha","no","0AK0",,"0AK0",,,
7065,"0AK1","small_airport","Anderson Lake Airport",61.616966,-149.320893,463,"NA","US","US-AK","Wasilla","no","0AK1",,"0AK1",,,
45273,"0AK2","small_airport","Yentna Bend Strip",61.725556,-150.678611,81,"NA","US","US-AK","Willow","no","0AK2",,"0AK2",,,
7066,"0AK3","small_airport","Parker Lake Airport",62.0359001159668,-150.49400329589844,250,"NA","US","US-AK","Montana Creek","no","0AK3",,"0AK3",,,
7067,"0AK5","small_airport","Young Creek Airport",61.355352,-142.731832,1580,"NA","US","US-AK","May Creek","no","0AK5",,"0AK5",,,
7068,"0AK6","small_airport","Victory Airport",61.80108,-147.945156,1800,"NA","US","US-AK","Victory Bible Camp","no","0AK6",,"0AK6",,,
7069,"0AK7","small_airport","Bradley Lake Hydroelectric Project Airstrip",59.776005,-150.963285,18,"NA","US","US-AK","Homer","no","0AK7",,"0AK7",,,
7070,"0AK8","closed","Pollux Heliport",64.895835,-147.497501,515,"NA","US","US-AK","North Pole","no",,,,,,"0AK8"
7071,"0AK9","small_airport","Falcon Lake Strip",61.33259963989258,-150.0590057373047,110,"NA","US","US-AK","Point Mackenzie","no","0AK9",,"0AK9",,,
7072,"0AL0","heliport","Huntsville Field",34.68840026855469,-86.58889770507812,619,"NA","US","US-AL","Huntsville","no","0AL0",,"0AL0",,,
7073,"0AL1","small_airport","Resort Airport",30.443899154663086,-87.65689849853516,97,"NA","US","US-AL","Foley","no","0AL1",,"0AL1",,,
7074,"0AL2","heliport","Clay County Hospital Heliport",33.275001525878906,-85.83329772949219,1040,"NA","US","US-AL","Ashland","no","0AL2",,"0AL2",,,
7075,"0AL3","heliport","Hospital Pad Heliport",31.430599212646484,-86.94029998779297,295,"NA","US","US-AL","Evergreen","no","0AL3",,"0AL3",,,
7076,"0AL4","heliport","Dekalb Regional Medical Center Heliport",34.442141,-85.755793,870,"NA","US","US-AL","Fort Payne","no","0AL4",,"0AL4",,,"B.M.C. - De Kalb Heliport"
7077,"0AL5","small_airport","Flomaton Airport",31.03219985961914,-87.25279998779297,247,"NA","US","US-AL","Flomaton","no","0AL5",,"0AL5",,,
7078,"0AL6","heliport","D.W. Mcmillian Memorial Hospital Heliport",31.127199172973633,-87.07330322265625,155,"NA","US","US-AL","Brewton","no","0AL6",,"0AL6",,,
7079,"0AL7","heliport","Gadsden Regl Medical Center Heliport",34.00830078125,-85.96530151367188,621,"NA","US","US-AL","Gadsden","no","0AL7",,"0AL7",,,
7080,"0AL8","heliport","Brookwood Medical Center Heliport",33.46390151977539,-86.77310180664062,763,"NA","US","US-AL","Birmingham","no","0AL8",,"0AL8",,,
7081,"0AL9","small_airport","Wilson Creek Airport",34.850546,-87.633513,590,"NA","US","US-AL","Florence","no","0AL9",,"0AL9",,,
7082,"0AR0","heliport","Northwest Medical Center Springdale Heliport",36.181509,-94.137252,1352,"NA","US","US-AR","Springdale","no","0AR0",,"0AR0",,,"SMH Heliport, Air Evac 4 Heliport"
7083,"0AR1","closed","Hooterville South Airport",35.0947,-93.202003,370,"NA","US","US-AR","Centerville","no",,,,,,"0AR1"
7084,"0AR2","small_airport","Mission Field-Marotti Memorial Airport",35.18853,-90.30359,217,"NA","US","US-AR","Crawfordsville","no","0AR2",,"0AR2",,,
7085,"0AR3","closed","Taylor's Air Strip",35.898998,-93.261001,2160,"NA","US","US-AR","Deer","no",,,,,,"0AR3"
7086,"0AR4","heliport","Ozarks Community Hospital Heliport",36.40929,-94.46005,1251,"NA","US","US-AR","Gravette","no","0AR4",,"0AR4",,,"Gravette Medical Center Hospital Heliport"
7087,"0AR5","heliport","Rgnl Medical Center Heliport",35.83620071411133,-90.70179748535156,382,"NA","US","US-AR","Jonesboro","no","0AR5",,"0AR5",,,
7088,"0AR6","heliport","Ami National Park Medical Center Heliport",34.48149871826172,-93.03099822998047,547,"NA","US","US-AR","Hot Springs","no","0AR6",,"0AR6",,,
7089,"0AR7","closed","Yancopin Airport",33.94899,-91.175141,150,"NA","US","US-AR","Watson","no",,,,,,"0AR7"
7090,"0AR8","heliport","Howard Memorial Hospital Heliport",33.94884,-93.88024,437,"NA","US","US-AR","Nashville","no","0AR8",,"0AR8",,,
7091,"0AR9","heliport","Eureka Springs Hospital Heliport",36.40010070800781,-93.74349975585938,1540,"NA","US","US-AR","Eureka Springs","no","0AR9",,"0AR9",,,
7092,"0AZ0","heliport","Arizona Heart Hospital Heliport",33.481187,-112.03976,1161,"NA","US","US-AZ","Phoenix","no","0AZ0",,"0AZ0",,,
7093,"0AZ1","closed","Taylor Field",32.302114,-111.32412,2130,"NA","US","US-AZ","Marana","no",,,,,,"0AZ1"
7094,"0AZ2","small_airport","Western Sky Airport",33.778166,-113.640625,1930,"NA","US","US-AZ","Salome","no","0AZ2",,"0AZ2",,,"salome, western sky"
7095,"0AZ4","small_airport","Flying Bucket Ranch Airport",32.9823,-112.287003,1505,"NA","US","US-AZ","Maricopa","no","0AZ4",,"0AZ4",,,
7096,"0AZ5","small_airport","Castle Well Airport",33.865944,-112.603265,2080,"NA","US","US-AZ","Morristown","no","0AZ5",,"0AZ5",,,"morristown, castle well"
7097,"0AZ6","heliport","St Joseph's Hospital Heliport",33.482963,-112.079301,1213,"NA","US","US-AZ","Phoenix","no","0AZ6",,"0AZ6",,,
7098,"0AZ7","closed","Sunstate Heliport",33.445318,-111.964567,1180,"NA","US","US-AZ","Phoenix","no",,,,,,"0AZ7"
7099,"0B2","small_airport","Brewer Airport",44.76369857788086,-68.7677993774414,124,"NA","US","US-ME","Brewer","no","0B2",,"0B2",,,
7100,"0B7","small_airport","Warren-Sugarbush Airport",44.117724,-72.826867,1470,"NA","US","US-VT","Warren","no","K0B7",,"0B7",,"https://en.wikipedia.org/wiki/Warren-Sugarbush_Airport",
7101,"0C1","small_airport","Triple R Airport",39.48780059814453,-94.78050231933594,1000,"NA","US","US-MO","Dearborn","no","0C1",,"0C1",,,
7102,"0C2","small_airport","Hinckley Airport",41.770901,-88.7034,760,"NA","US","US-IL","Hinckley","no","0C2",,"0C2",,"https://en.wikipedia.org/wiki/Hinckley_Airport",
7103,"0C5","small_airport","Canadian Lakes Airport",43.575666,-85.284182,960,"NA","US","US-MI","Canadian Lakes","no","K0C5",,"0C5",,,
7104,"0C7","small_airport","Grandpas' Farm Mendota Airport",41.521999,-89.132599,727,"NA","US","US-IL","Mendota","no","IL22",,"IL22",,,"0C7"
7105,"0C8","small_airport","Cushing Field Ltd Airport",41.519501,-88.605598,640,"NA","US","US-IL","Newark","no","0C8",,"0C8",,"https://en.wikipedia.org/wiki/Cushing_Field",
7106,"0C9","heliport","Coach & Paddock Heliport",40.63819885253906,-74.97570037841797,320,"NA","US","US-NJ","Clinton","no","0C9",,"0C9",,,
7107,"0CA0","closed","Drew Medical Center Heliport",33.923302,-118.241997,180,"NA","US","US-CA","Los Angeles","no",,,,,,"0CA0"
7108,"0CA1","closed","Northside Airpark",34.9883003235,-120.458000183,190,"NA","US","US-CA","Santa Maria","no",,,,,,"0CA1"
7109,"0CA2","heliport","VA Greater Los Angeles Health Care Center Heliport",34.049778,-118.456257,294,"NA","US","US-CA","Los Angeles","no","0CA2",,"0CA2",,,
7110,"0CA3","small_airport","Crawford Airport",34.587501525878906,-120.01300048828125,570,"NA","US","US-CA","Santa Ynez","no","0CA3",,"0CA3",,,
7111,"0CA4","small_airport","Shepherd Farm Airport",34.6222,-120.065002,660,"NA","US","US-CA","Santa Ynez","no","0CA4",,"0CA4",,,"Shepherd Ranch"
7112,"0CA5","small_airport","Hoffman Private Airport",33.14310073852539,-116.74500274658203,3100,"NA","US","US-CA","Santa Ysabel","no","0CA5",,"0CA5",,,
7113,"0CA6","small_airport","Emory Ranch Airport",32.7494444,-116.0161111,480,"NA","US","US-CA","Ocotillo","no","0CA6",,"0CA6",,,
7114,"0CA7","closed","Boeing Seal Beach (Rooftop) Heliport",33.756779,-118.0854,158,"NA","US","US-CA","Seal Beach","no",,,,,,"0CA7, 0CA7, 0CA7"
7115,"0CA8","closed","Ward Ranch Airport",33.413347,-116.843255,2500,"NA","US","US-CA","Aguanga","no",,,,,,"0CA8"
7116,"0CA9","small_airport","Blech Ranch Airport",35.592797,-120.338058,1140,"NA","US","US-CA","Shandon","no","0CA9",,"0CA9",,,
7117,"0CD0","heliport","Delta County Memorial Hospital Heliport",38.745155,-108.047973,5000,"NA","US","US-CO","Delta","no","0CD0",,"0CD0",,,
7118,"0CD1","heliport","Colorado Plains Medical Center Heliport",40.2610917,-103.7963389,4356,"NA","US","US-CO","Fort Morgan","no","0CD1",,"0CD1",,,
7119,"0CD2","small_airport","Foxx Valley Airport",38.652500152600005,-104.23400116,5800,"NA","US","US-CO","Yoder","no","0CD2",,"0CD2",,,
7120,"0CD3","closed","Branch's Heliport",40.348,-104.528,4635,"NA","US","US-CO","Kersey","no",,,,,,"0CD3"
7121,"0CD4","heliport","Kauffman Heliport",40.1463012695,-104.887001038,5120,"NA","US","US-CO","Denver","no","0CD4",,"0CD4",,,
7122,"0CD5","small_airport","Piñon Canyon Airport",37.490501,-104.143997,5686,"NA","US","US-CO","Model","no","0CD5",,"0CD5",,,"Piñon Canyon Maneuver Site"
7123,"0CD6","heliport","Exempla Good Samaritan Heliport",39.970843,-105.08741,5204,"NA","US","US-CO","Lafayette","no","0CD6",,"0CD6",,,
7124,"0CD7","small_airport","Fox Hole Airport",40.003917,-105.07185,5135,"NA","US","US-CO","Lafayette","no","0CD7",,"0CD7",,,
7125,"0CD8","heliport","Prowers Medical Center Heliport",38.0710983276,-102.60900116,3575,"NA","US","US-CO","Lamar","no","0CD8",,"0CD8",,,
7126,"0CD9","heliport","Swedish S.W. Medical Heliport",39.603099823,-105.091003418,5563,"NA","US","US-CO","Littleton","no","0CD9",,"0CD9",,,
7127,"0CL0","small_airport","Yosemite Hidden Lake Ranch Airport",37.11800003049999,-119.913002014,500,"NA","US","US-CA","Raymond","no","0CL0",,"0CL0",,,
7128,"0CL1","small_airport","Krey Field Airport",34.5694007874,-117.555999756,3042,"NA","US","US-CA","Adelanto","no","0CL1",,"0CL1",,,
7129,"0CL2","closed","Parking Lot Heliport",32.593834,-117.084872,,"NA","US","US-CA","Chula Vista","no",,,,,,"0CL2"
7130,"0CL3","small_airport","John Nichols Field Airport",32.633457,-116.890565,490,"NA","US","US-CA","Jamul","no","0CL3",,"0CL3",,,
7131,"0CL4","heliport","Glen Fed Heliport",34.157179,-118.254637,770,"NA","US","US-CA","Glendale","no","0CL4",,"0CL4",,,
7132,"0CL5","heliport","The Atrium Heliport",33.6706008911,-117.858001709,46,"NA","US","US-CA","Irvine","no","0CL5",,"0CL5",,,
7133,"0CL6","small_airport","Bohunk's Airpark",34.694584,-118.277106,2410,"NA","US","US-CA","Lancaster","no","0CL6",,"0CL6",,,
7134,"0CL7","heliport","Good Samaritan Hospital Heliport",34.054901,-118.264967,473,"NA","US","US-CA","Los Angeles","no","0CL7",,"0CL7",,,
7135,"0CL8","small_airport","Tera Ultralightport",35.591104,-117.631323,2510,"NA","US","US-CA","Ridgecrest","no","0CL8",,"0CL8",,,
7136,"0CL9","heliport","Sce San Jacinto Valley Service Center Heliport",33.741100311299995,-117.151000977,1482,"NA","US","US-CA","Romoland","no","0CL9",,"0CL9",,,
322308,"0CN1","small_airport","Fiorini Ranch Airport",37.452178,-120.764758,140,"NA","US","US-CA","Delhi","no","0CN1",,"0CN1",,,
324643,"0CN2","small_airport","Sutter Butte Dusters Airport",39.228622,-121.688265,67,"NA","US","US-CA","Live Oak","no","0CN2",,"0CN2",,,
7137,"0CO0","heliport","Longmont United Hospital Heliport",40.181606,-105.124774,5047,"NA","US","US-CO","Longmont","no","0CO0",,"0CO0",,,
7138,"0CO1","small_airport","Dave's Airport",40.0332984924,-105.124000549,5170,"NA","US","US-CO","Louisville","no","0CO1",,"0CO1",,,
7139,"0CO2","small_airport","Crested Butte Airpark",38.851918,-106.928341,8980,"NA","US","US-CO","Crested Butte","no","0CO2","CSE","0CO2",,,"Buckhorn Ranch"
7140,"0CO3","closed","Greggs Nr 1 Airport",39.8894,-104.544997,5373,"NA","US","US-CO","Bennett","no",,,,,,"0CO3"
7141,"0CO4","heliport","Geo-Seis Helicopters Heliport",40.5899009705,-105.04599762,4935,"NA","US","US-CO","Fort Collins","no","0CO4",,"0CO4",,,
7142,"0CO5","closed","Chenoweth Airport",39.830995,-103.592463,4697,"NA","US","US-CO","Last Chance","no",,,,,,
7143,"0CO6","small_airport","Flying M & M Ranch Airport",38.2193984985,-108.212997437,8000,"NA","US","US-CO","Norwood","no","0CO6",,"0CO6",,,
7144,"0CO7","heliport","Century Helicopters Heliport",40.5854988098,-105.040000916,4935,"NA","US","US-CO","Fort Collins","no","0CO7",,"0CO7",,,
7145,"0CO8","small_airport","Cartwheel Airport",40.2083015442,-105.013000488,5010,"NA","US","US-CO","Mead","no","0CO8",,"0CO8",,,
7146,"0CO9","small_airport","Van Treese Airport",37.6582984924,-106.033996582,7613,"NA","US","US-CO","Monte Vista","no","0CO9",,"0CO9",,,
7147,"0CT0","heliport","Sharon Hospital Heliport",41.881232,-73.480699,640,"NA","US","US-CT","Sharon","no","0CT0",,"0CT0",,,
7148,"0CT1","heliport","Bristol-Myers Squibb Company Heliport",41.484798431396484,-72.7562026977539,350,"NA","US","US-CT","Wallingford","no","0CT1",,"0CT1",,,
7149,"0CT2","heliport","Windham Hospital Heliport",41.71699905395508,-72.22589874267578,330,"NA","US","US-CT","Willimantic","no","0CT2",,"0CT2",,,
7150,"0CT3","heliport","N B G H Heliport",41.661598205566406,-72.78790283203125,431,"NA","US","US-CT","New Britain","no","0CT3",,"0CT3",,,
7151,"0CT4","heliport","Burke Heliport",41.50619888305664,-72.9397964477539,400,"NA","US","US-CT","Prospect","no","0CT4",,"0CT4",,,
7152,"0CT5","heliport","St Francis Hospital Heliport",41.77450180053711,-72.6989974975586,184,"NA","US","US-CT","Hartford","no","0CT5",,"0CT5",,,
7153,"0CT6","heliport","Middletown Heliport",41.5968017578125,-72.70449829101562,113,"NA","US","US-CT","Middletown","no","0CT6",,"0CT6",,,
7154,"0CT7","heliport","Bridgeport Hospital Heliport",41.188408,-73.1667,80,"NA","US","US-CT","Bridgeport","no","0CT7",,"0CT7",,,
7155,"0CT8","heliport","Danbury Hospital Heliport",41.405297,-73.445165,510,"NA","US","US-CT","Danbury","no","0CT8",,"0CT8",,,
7156,"0CT9","heliport","Hartford Hospital Heliport",41.75450134277344,-72.67870330810547,211,"NA","US","US-CT","Hartford","no","0CT9",,"0CT9",,,
7157,"0D6","closed","Wilber Municipal Airport",40.475215,-96.986275,1400,"NA","US","US-NE","Wilber","no",,,,,,"0D6"
7158,"0D7","small_airport","Ada Airport",40.7906,-83.829102,949,"NA","US","US-OH","Ada","no","0D7",,"0D7",,"https://en.wikipedia.org/wiki/Ada_Airport",
315634,"0D9","small_airport","Air Park North",44.958035,-84.958859,1170,"NA","US","US-MI","Elmira","no","MI30",,"MI30","http://airparknorth.net/?page_id=6",,"0D9, 24MI"
7159,"0E9","small_airport","Corydon Airport",40.754734,-93.242447,1020,"NA","US","US-IA","Corydon","no","K0E9",,"0E9",,,
7160,"0FA0","heliport","Doral Resort & Country Club Heliport",25.81734,-80.340416,6,"NA","US","US-FL","Miami","no","0FA0",,"0FA0",,,"00X"
7161,"0FA1","small_airport","Ott's Landing Airport",27.3039,-81.880403,65,"NA","US","US-FL","Arcadia","no","0FA1",,"0FA1",,,"Frierson Grove Airport"
45349,"0FA2","heliport","Doctors Memorial Hospital Heliport",30.119424,-83.592746,57,"NA","US","US-FL","Perry","no","0FA2",,"0FA2",,,
345994,"0FA3","heliport","Brighton Helipad",27.075744,-81.071125,24,"NA","US","US-FL","Brighton","no","0FA3",,"0FA3",,,
320961,"0FA5","seaplane_base","Briley Farm Seaplane Base",28.5727778,-81.6286111,66,"NA","US","US-FL","Oakland","no","0FA5",,"0FA5",,,
347505,"0FA6","heliport","Immokalee Helipad",26.39841,-81.414667,72,"NA","US","US-FL","Immokalee","no","0FA6",,"0FA6",,,
7162,"0FD0","small_airport","The 2A Ranch Airport",29.26757,-81.223331,40,"NA","US","US-FL","Ormond Beach","no","0FD0",,"0FD0",,,"Big 'G' Airport"
7163,"0FD1","heliport","Panhandle Helicopter LLC Heliport",30.213844,-85.871916,20,"NA","US","US-FL","Panama City Beach","no","0FD1",,"0FD1",,,
7164,"0FD2","heliport","Dolphin Stadium Heliport",25.960055,-80.240248,8,"NA","US","US-FL","Miami","no","0FD2",,"0FD2",,,
7165,"0FD3","small_airport","Dugger Field",30.496400833129883,-86.09380340576172,70,"NA","US","US-FL","Freeport","no","0FD3",,"0FD3",,,
7166,"0FD4","closed","Cloverleaf Farms II Inc Heliport",29.360774,-82.204803,100,"NA","US","US-FL","Reddick","no",,,,,,"0FD4"
7167,"0FD5","small_airport","Breezy Knoll Airport",30.820199966430664,-86.34439849853516,235,"NA","US","US-FL","Defuniak Springs","no","0FD5",,"0FD5",,,
7168,"0FD6","seaplane_base","Fulton Seaplane Base",27.907499313354492,-80.48639678955078,,"NA","US","US-FL","Sebastian","no","0FD6",,"0FD6",,,
7169,"0FD9","small_airport","Joy Farms Airport",30.652099609375,-86.1093978881836,290,"NA","US","US-FL","Defuniak Springs","no","0FD9",,"0FD9",,,
7170,"0FL0","small_airport","Harper's Fly-In Ranch Airport",26.707834,-81.175549,30,"NA","US","US-FL","Clewiston","no","0FL0",,"0FL0",,,
7171,"0FL1","closed","Thompson Airfield",29.983299,-82.835602,110,"NA","US","US-FL","Branford","no",,,,,,"0FL1"
7172,"0FL2","seaplane_base","Alligator Drink Seaplane Base",28.787799835205078,-81.16419982910156,19,"NA","US","US-FL","Geneva","no","0FL2",,"0FL2",,,
7173,"0FL3","heliport","Old Town Ems Heliport",29.602800369262695,-82.98169708251953,25,"NA","US","US-FL","Old Town","no","0FL3",,"0FL3",,,
7174,"0FL4","heliport","Jackson Heliport",30.704999923706055,-85.37830352783203,110,"NA","US","US-FL","Alford","no","0FL4",,"0FL4",,,
7175,"0FL5","seaplane_base","Lake Conway South Seaplane Base",28.458599090576172,-81.34970092773438,80,"NA","US","US-FL","Belle Isle","no","0FL5",,"0FL5",,,
7176,"0FL6","small_airport","Stanchester Airport",27.806199,-82.141365,96,"NA","US","US-FL","Lithia","no","27FA",,"27FA",,,"0FL6"
7177,"0FL7","heliport","Wcpx Tv-6 Heliport",28.610300064086914,-81.41940307617188,114,"NA","US","US-FL","Orlando","no","0FL7",,"0FL7",,,
7178,"0FL8","seaplane_base","Gary Gale Seaplane Base",30.193899154663086,-81.68190002441406,,"NA","US","US-FL","Jacksonville","no","0FL8",,"0FL8",,,
7179,"0FL9","small_airport","Mc Daniel Ranch Inc. Airport",26.393051,-81.02874,18,"NA","US","US-FL","Clewiston","no","0FL9",,"0FL9",,,
7180,"0G0","small_airport","North Buffalo Suburban Airport",43.103199,-78.7033,588,"NA","US","US-NY","Lockport","no","K0G0",,"0G0",,"https://en.wikipedia.org/wiki/North_Buffalo_Suburban_Airport",
7181,"0G5","seaplane_base","Grand Marais/Cook County Seaplane Base",47.8263,-90.3835,1635,"NA","US","US-MN","Grand Marais","no","0G5",,"0G5","http://www.boreal.org/airport/","https://en.wikipedia.org/wiki/Grand_Marais/Cook_County_Seaplane_Base","Devil Track Resort"
7182,"0GA0","small_airport","Halls Flying Ranch Airport",33.356201171875,-84.36710357666016,800,"NA","US","US-GA","Hampton","no","0GA0",,"0GA0",,,
7183,"0GA1","small_airport","Mustang Field",34.477901458740234,-82.89710235595703,693,"NA","US","US-GA","Hartwell","no","0GA1",,"0GA1",,,
7184,"0GA2","small_airport","Airnautique, Inc. Airport",34.377899169921875,-82.9457015991211,720,"NA","US","US-GA","Hartwell","no","0GA2",,"0GA2",,,
7185,"0GA3","small_airport","Ayresouth Airport",33.77009963989258,-85.06079864501953,1287,"NA","US","US-GA","Temple","no","0GA3",,"0GA3",,,
7186,"0GA4","small_airport","Paradise Falls Airport",33.812901,-83.505699,736,"NA","US","US-GA","Good Hope","no",,,,,,"0GA4, High Shoals"
7187,"0GA5","heliport","Big Canoe Heliport",34.45479965209961,-84.28910064697266,1475,"NA","US","US-GA","Jasper","no","0GA5",,"0GA5",,,
7188,"0GA6","small_airport","Sunset Strip",33.7333984375,-83.81880187988281,780,"NA","US","US-GA","Jersey","no","0GA6",,"0GA6",,,
7189,"0GA7","closed","Hickory Level Airfield",33.683399,-84.999901,1080,"NA","US","US-GA","Carrollton","no",,,,,,"0GA7"
7190,"0GA8","small_airport","Paso Fino Farm Airport",30.88031,-83.414443,200,"NA","US","US-GA","Valdosta","no","0GA8",,"0GA8",,,
7191,"0GA9","small_airport","Roberta Industrial Park Airport",32.71390151977539,-84.02749633789062,505,"NA","US","US-GA","Roberta","no","0GA9",,"0GA9",,,
7192,"0GE0","small_airport","Pinewood Airport",33.782100677490234,-84.80079650878906,1085,"NA","US","US-GA","Douglasville","no","0GE0",,"0GE0",,,
7193,"0GE1","small_airport","Crystal Lake Airpark",31.66550064086914,-83.44709777832031,327,"NA","US","US-GA","Irwinville","no","0GE1",,"0GE1",,,
7194,"0GE3","small_airport","Lookout Mountain Airport",34.904701,-85.459702,563,"NA","US","US-GA","Wildwood","no","0GE3",,"0GE3",,,"Lookout Mountain Flight Park, Trenton"
7195,"0GE4","small_airport","Pecan Patch Airstrip",33.33140182495117,-84.2667007446289,860,"NA","US","US-GA","Sunnyside","no","0GE4",,"0GE4",,,
7196,"0GE5","small_airport","Mountain Airpark",34.561798095703125,-83.7135009765625,1438,"NA","US","US-GA","Cleveland","no","0GE5",,"0GE5",,,
7197,"0GE7","small_airport","Carpenter Airport",33.520301818847656,-82.37249755859375,450,"NA","US","US-GA","Appling","no","0GE7",,"0GE7",,,
7198,"0GE9","small_airport","Pegasus Ranch Airport",32.69390106201172,-81.79859924316406,230,"NA","US","US-GA","Rocky Ford","no","0GE9",,"0GE9",,,
7199,"0H7","small_airport","Kahoka Municipal Airport",40.4216,-91.706299,700,"NA","US","US-MO","Kahoka","no",,,"0H7",,,
7200,"0I2","small_airport","Brazil Clay County Airport",39.4767,-87.099701,645,"NA","US","US-IN","Brazil","no","0I2",,"0I2",,"https://en.wikipedia.org/wiki/Brazil_Clay_County_Airport",
509601,"0IA","seaplane_base","Barbee Lake Seaplane Base",41.284675,-85.703814,838,"NA","US","US-IN","Warsaw","no","0IA",,"0IA",,,
7201,"0IA0","heliport","Knoxville Area Community Hospital Heliport",41.316898345947266,-93.09600067138672,927,"NA","US","US-IA","Knoxville","no","0IA0",,"0IA0",,,
7202,"0IA1","heliport","St Anthony Regional Hospital Heliport",42.05830001831055,-94.86830139160156,1300,"NA","US","US-IA","Carroll","no","0IA1",,"0IA1",,,
7203,"0IA2","heliport","Audubon County Memorial Hospital Heliport",41.71549987792969,-94.9385986328125,1320,"NA","US","US-IA","Audubon","no","0IA2",,"0IA2",,,
7204,"0IA3","closed","Hawkeye Airport",42.435066,-92.327621,883,"NA","US","US-IA","Waterloo","no",,,,,,"0IA3"
7205,"0IA4","small_airport","Sharar Field",41.027897,-91.063442,700,"NA","US","US-IA","Mediapolis","no","0IA4",,"0IA4",,,
7206,"0IA5","small_airport","Moore Private Airport",40.87220001220703,-93.26270294189453,1060,"NA","US","US-IA","Millerton","no","0IA5",,"0IA5",,,
7207,"0IA6","closed","Rinehart Airport",41.659698,-92.289902,920,"NA","US","US-IA","Victor","no",,,,,,"0IA6"
7208,"0IA7","heliport","Cromwell Heliport",41.03889846801758,-94.46690368652344,1300,"NA","US","US-IA","Cromwell","no","0IA7",,"0IA7",,,
7209,"0IA8","small_airport","Hannen Airport",42.22800064086914,-91.7509994506836,925,"NA","US","US-IA","Center Point","no","0IA8",,"0IA8",,,
7210,"0IA9","heliport","Army Reserve Heliport",40.83340072631836,-91.30010223388672,725,"NA","US","US-IA","Middleton","no","0IA9",,"0IA9",,,
7211,"0ID0","small_airport","South Fork Ranch Airport",43.60639953613281,-115.10700225830078,4861,"NA","US","US-ID","Featherville","no","0ID0",,"0ID0",,,
7212,"0ID1","small_airport","Ziggy's Airport",42.64120101928711,-114.6050033569336,3225,"NA","US","US-ID","Filer","no","0ID1",,"0ID1",,,
7213,"0ID2","small_airport","Flying Joseph Ranch Airport",44.442901611299995,-113.773002625,5600,"NA","US","US-ID","May","no","0ID2",,"0ID2",,,
7214,"0ID3","small_airport","Coyote Run Airport",43.075801849365234,-115.6729965209961,3150,"NA","US","US-ID","Mountain Home","no","0ID3",,"0ID3",,,
7215,"0ID4","small_airport","Black Butte Ranch Airport",43.047698974609375,-114.47000122070312,4020,"NA","US","US-ID","Shoshone","no","0ID4",,"0ID4",,,
7216,"0ID5","small_airport","Ez Lope Ranch Airport",43.0531005859375,-116.46199798583984,3130,"NA","US","US-ID","Oreana","no","0ID5",,"0ID5",,,
7217,"0ID6","heliport","Steele Memorial Heliport",45.173791,-113.891423,4004,"NA","US","US-ID","Salmon","no","67ID",,"67ID",,,"0ID6"
45394,"0ID7","small_airport","Z X Ranch Airport",43.230308,-116.763192,3820,"NA","US","US-ID","Murphy","no","0ID7",,"0ID7",,,
45387,"0ID8","small_airport","Pinnacle Airport",45.775705,-116.180463,3800,"NA","US","US-ID","Grangeville","no","0ID8",,"0ID8",,,
329280,"0ID9","small_airport","Corral Creek Airport",46.785278,-116.471131,2895,"NA","US","US-ID","Helmer","no","0ID9",,"0ID9",,,
7218,"0II0","small_airport","Chuck's Airport",40.258381,-85.253348,955,"NA","US","US-IN","Albany","no","0II0",,"0II0",,,
7219,"0II1","closed","Unsicker Airport",40.428101,-86.153297,816,"NA","US","US-IN","Bremen","no",,,,,,"0II1"
7220,"0II2","small_airport","Creighton Airport",41.457298278808594,-86.12439727783203,820,"NA","US","US-IN","Bremen","no","0II2",,"0II2",,,
7221,"0II3","closed","Miller Strip",40.6278,-86.037804,810,"NA","US","US-IN","Bunker Hill","no",,,,,,"0II3"
7222,"0II5","small_airport","Marshall Field",40.65950012207031,-86.8572006225586,705,"NA","US","US-IN","Chalmers","no","0II5",,"0II5",,,
7223,"0II6","closed","Kropf Airport",41.64335,-85.830131,810,"NA","US","US-IN","Goshen","no",,,,,,"0II6"
7224,"0II7","small_airport","Frost Field",39.79560089111328,-85.78610229492188,900,"NA","US","US-IN","Greenfield","no","0II7",,"0II7",,,
7225,"0II8","small_airport","Sutton's Field",41.324798583984375,-87.47589874267578,740,"NA","US","US-IN","Lowell","no","0II8",,"0II8",,,
7226,"0II9","small_airport","Winters Airport",39.532612,-86.576729,755,"NA","US","US-IN","Martinsville","no","0II9",,"0II9",,,
7227,"0IL0","heliport","Hamilton Memorial Hospital Heliport",38.086700439453125,-88.53890228271484,440,"NA","US","US-IL","Mc Leansboro","no","0IL0",,"0IL0",,,
7228,"0IL1","heliport","Loyola University Medical Center Heliport",41.86090087890625,-87.8364028930664,623,"NA","US","US-IL","Broadview","no","0IL1",,"0IL1",,,
45950,"0IL2","small_airport","Griffin Airport",38.803056,-88.997778,541,"NA","US","US-IL","Alma","no","0IL2",,"0IL2",,,
7229,"0IL3","closed","Flying B Ranch Airport",40.157001,-87.6745,696,"NA","US","US-IL","Danville","no",,,,,,"0IL3"
7230,"0IL4","heliport","Advocate Good Samaritan Hospital Heliport",41.818743,-88.007677,772,"NA","US","US-IL","Downers Grove","no","0IL4",,"0IL4",,,
323339,"0IL5","heliport","OSF St Luke Medical Center Heliport",41.221865,-89.947788,849,"NA","US","US-IL","Kewanee","no","0IL5",,"0IL5",,,
7231,"0IL6","heliport","Northwestern Memorial Healthcare Heliport",41.960636,-88.721781,852,"NA","US","US-IL","DeKalb","no","0IL6",,"0IL6",,,"Kishwaukee Community Hospital"
352229,"0IL7","small_airport","Davis Restricted Landing Area",39.782917,-88.546708,682,"NA","US","US-IL","Hammond","no","0IL7",,"0IL7",,,
7232,"0IL8","small_airport","Walter Airport",41.872501,-88.723701,890,"NA","US","US-IL","DeKalb","no","0IL8",,"0IL8",,,
7233,"0IL9","small_airport","Jack W Watson Airport",41.853699,-88.786513,880,"NA","US","US-IL","DeKalb","no","0IL9",,"0IL9",,,
7234,"0IN1","small_airport","Snider Field",38.5,-87.59590148925781,400,"NA","US","US-IN","Decker","no","0IN1",,"0IN1",,,
7235,"0IN2","small_airport","The Lazy K Airport",40.82780075073242,-85.08609771728516,835,"NA","US","US-IN","Tocsin","no","0IN2",,"0IN2",,,
7236,"0IN3","closed","Graves Landing Strip",41.113035,-86.664963,704,"NA","US","US-IN","Winamac","no",,,,,,"0IN3"
7237,"0IN4","small_airport","Air Park Field",41.127405,-84.953306,750,"NA","US","US-IN","New Haven","no","0IN4",,"0IN4",,,
7238,"0IN5","small_airport","Byrne Field",38.329378,-86.033431,800,"NA","US","US-IN","Byrneville","no","0IN5",,"0IN5",,,
7239,"0IN7","closed","Roto-Whirl/Holiday Heliport",39.922501,-86.226097,875,"NA","US","US-IN","Indianapolis","no",,,,,,"0IN7"
7240,"0IN8","closed","Roto-Whirl/Vantage Heliport",39.837299,-86.118597,726,"NA","US","US-IN","Indianapolis","no",,,,,,"0IN8"
7241,"0IN9","small_airport","Parrish Airport",37.99322,-87.94855,390,"NA","US","US-IN","Mount Vernon","no","0IN9",,"0IN9",,,
7242,"0IS0","heliport","Trinity Medical Center West Heliport",41.48109817504883,-90.57140350341797,664,"NA","US","US-IL","Rock Island","no","0IS0",,"0IS0",,,
7243,"0IS2","heliport","Evanston/Glenbrook Heliport",42.093101501464844,-87.85260009765625,678,"NA","US","US-IL","Glenview","no","0IS2",,"0IS2",,,
7244,"0IS3","small_airport","Cady Aerial Restricted Landing Area",41.660089,-89.694443,630,"NA","US","US-IL","Rock Falls","no","0IS3",,"0IS3",,,
7245,"0IS4","closed","Dawson Farms Airport",39.764081,-88.671212,670,"NA","US","US-IL","Lovington","no",,,,,,"0IS4"
7246,"0IS6","heliport","Dongola Heliport",37.3656005859375,-89.1635971069336,383,"NA","US","US-IL","Dongola","no","0IS6",,"0IS6",,,
7247,"0IS8","heliport","Blessing Hospital At 11th St Heliport",39.936012,-91.398659,650,"NA","US","US-IL","Quincy","no","0IS8",,"0IS8",,,"Air Evac 5 Heliport"
7248,"0IS9","heliport","Bernardin Heliport",41.70840072631836,-89.2029037475586,830,"NA","US","US-IL","West Brooklyn","no","0IS9",,"0IS9",,,
7249,"0J0","small_airport","Abbeville Municipal Airport",31.600093,-85.238353,468,"NA","US","US-AL","Abbeville","no",,,"0J0",,"https://en.wikipedia.org/wiki/Abbeville_Municipal_Airport",
7250,"0J8","small_airport","Flying Ten Airport",29.618000030517578,-82.50869750976562,85,"NA","US","US-FL","Archer","no","0J8",,"0J8",,,
345693,"0JY9","heliport","Fleming County Hospital Heliport",38.422373,-83.752604,943,"NA","US","US-KY","Flemingsburg","no","0JY9",,"0JY9",,,
7251,"0K6","small_airport","Dobie's Airport",36.178496,-95.580468,610,"NA","US","US-OK","Inola","no",,,"0K6",,,
7252,"0KS0","small_airport","J V Ranch Airport",38.63330078125,-95.92530059814453,1180,"NA","US","US-KS","Osage City","no","0KS0",,"0KS0",,,
7253,"0KS2","closed","Kellie Mann Airfield",38.560001,-95.309097,1045,"NA","US","US-KS","Ottawa","no",,,,,,"0KS2"
7254,"0KS3","closed","Camp Chippewa Airport",38.5667,-95.366898,1120,"NA","US","US-KS","Ottawa","no",,,,,,"0KS3"
7255,"0KS4","small_airport","Norris Airport",38.807239,-95.370056,1065,"NA","US","US-KS","Lawrence","no","0KS4",,"0KS4",,,
354111,"0KS5","small_airport","Oasis Aerodrome",38.450666,-98.797646,1914,"NA","US","US-KS","Great Bend","no","0KS5",,"0KS5",,,
7256,"0KS6","closed","Kendrigan Airport",37.452202,-97.317802,1240,"NA","US","US-KS","Peck","no",,,,,,"0KS6"
7257,"0KS7","small_airport","Mono Aircraft Airport",37.69279861450195,-97.88639831542969,1450,"NA","US","US-KS","Cheney","no","0KS7",,"0KS7",,,
7258,"0KS8","small_airport","Pearce Field",37.38249969482422,-95.37470245361328,950,"NA","US","US-KS","Parsons","no","0KS8",,"0KS8",,,
7259,"0KS9","small_airport","Lmn 120 Airport",37.515899658203125,-96.9197998046875,1330,"NA","US","US-KS","Douglas","no","0KS9",,"0KS9",,,
7260,"0KY0","small_airport","Owen Air Park",38.622798919677734,-84.77890014648438,890,"NA","US","US-KY","Owenton","no","0KY0",,"0KY0",,,
7261,"0KY1","small_airport","Arnemann Farms Airport",36.76559829711914,-86.61830139160156,504,"NA","US","US-KY","Franklin","no","0KY1",,"0KY1",,,
7262,"0KY2","closed","MGT Station 2105 Heliport",37.5056,-86.837502,540,"NA","US","US-KY","Hartford","no",,,,,,"0KY2"
7263,"0KY3","closed","Tennessee Gas Heliport",38.561404,-83.952795,604,"NA","US","US-KY","Load","no",,,,,,"0KY3"
7264,"0KY4","small_airport","Cambron Field",37.56439971923828,-87.08190155029297,427,"NA","US","US-KY","Owensboro","no","0KY4",,"0KY4",,,
7265,"0KY5","small_airport","Boyce Wafer Farm Airport",36.812346,-86.377427,600,"NA","US","US-KY","Alvaton","no",,,"0KY5",,,"Falin Landing Strip"
7266,"0KY6","closed","Tennessee Gas Heliport",38.268299,-82.577499,560,"NA","US","US-KY","Burnaugh","no",,,,,,"0KY6"
7267,"0KY7","small_airport","Clinton-Hickman County Airport",36.63610076904297,-88.99859619140625,360,"NA","US","US-KY","Clinton","no","0KY7",,"0KY7",,,
7268,"0KY8","closed","Sky Airport",37.117199,-83.736099,850,"NA","US","US-KY","Manchester","no",,,,,,"0KY8"
7269,"0KY9","closed","Pine Mountain Aero Heliport",37.113602,-82.803596,1300,"NA","US","US-KY","Whitesburg","no",,,,,,"0KY9"
7270,"0L4","small_airport","Lida Junction Airport",37.485801696777344,-117.19100189208984,4684,"NA","US","US-NV","Goldfield","no","0L4",,"0L4",,"https://en.wikipedia.org/wiki/Lida_Junction_Airport",
7271,"0L5","small_airport","Goldfield Airport",37.722114,-117.236363,5680,"NA","US","US-NV","Goldfield","no","1A8",,"1A8",,"https://en.wikipedia.org/wiki/Goldfield_Airport","0L5, NV50"
7272,"0L6","heliport","Winn Parish Medical Center Heliport",31.923824,-92.646091,140,"NA","US","US-LA","Winnfield","no","K0L6",,"0L6",,,
7273,"0LA0","heliport","West Hackberry Heliport",30.003515,-93.401005,10,"NA","US","US-LA","Hackberry","no","0LA0",,"0LA0",,,
7274,"0LA1","small_airport","Double H Ranch Airport",30.229400634765625,-90.97339630126953,15,"NA","US","US-LA","Gonzales","no","0LA1",,"0LA1",,,
7275,"0LA2","closed","Don Babin-Private Airport",30.278,-90.963203,17,"NA","US","US-LA","Gonzales","no",,,,,,"0LA2"
7276,"0LA3","small_airport","Belcher Airpatch Airport",32.749298095703125,-93.87349700927734,280,"NA","US","US-LA","Belcher","no","0LA3",,"0LA3",,,
7277,"0LA4","heliport","North Caddo Medical Center Heliport",32.86410140991211,-93.98899841308594,200,"NA","US","US-LA","Vivian","no","0LA4",,"0LA4",,,
7278,"0LA5","heliport","Conoco Inc Heliport",29.258868,-89.964541,3,"NA","US","US-LA","Grand Isle","no","0LA5",,"0LA5",,,
7279,"0LA6","closed","Freeport Sulphur Heliport",29.2586,-89.959198,3,"NA","US","US-LA","Grand Isle","no",,,,,,"0LA6"
7280,"0LA7","heliport","Exxon Heliport",29.254738,-89.96732,6,"NA","US","US-LA","Grand Isle","no","0LA7",,"0LA7",,,
7281,"0LA8","heliport","Jackson Parish Hospital Heliport",32.252942,-92.718795,183,"NA","US","US-LA","Jonesboro","no","0LA8",,"0LA8",,,
7282,"0LA9","small_airport","Rebel Field",30.586299896240234,-90.86150360107422,74,"NA","US","US-LA","Watson","no","0LA9",,"0LA9",,,
7283,"0LL0","small_airport","Kaufield Airport",42.265259,-88.727754,783,"NA","US","US-IL","Belvidere","no","0LL0",,"0LL0",,,
7284,"0LL1","small_airport","Jerseyville Aviation Inc Airport",39.094200134277344,-90.31340026855469,604,"NA","US","US-IL","Jerseyville","no","0LL1",,"0LL1",,,
7285,"0LL2","small_airport","Murk's Strip",40.738899231,-90.38069915770001,700,"NA","US","US-IL","St. Augustine","no","0LL2",,"0LL2",,,
7286,"0LL3","small_airport","Koenig Airport",39.05500030517578,-90.34210205078125,614,"NA","US","US-IL","Jerseyville","no","0LL3",,"0LL3",,,
7287,"0LL4","small_airport","Flaherty Field",41.419592,-89.121394,664,"NA","US","US-IL","La Salle","no","0LL4",,"0LL4",,,"Tri-City"
7288,"0LL5","small_airport","Busboom RLA Restricted Landing Area",40.1100006104,-88.07839965820001,675,"NA","US","US-IL","St Joseph","no","0LL5",,"0LL5",,,
7289,"0LL6","small_airport","Gord Airport",41.69839859008789,-88.60759735107422,710,"NA","US","US-IL","Sandwich","no","0LL6",,"0LL6",,,
7290,"0LL7","heliport","Northwestern Medicine Valley West Hospital Heliport",41.657994,-88.621297,670,"NA","US","US-IL","Sandwich","no","0LL7",,"0LL7",,,"Hospital Heliport"
7291,"0LL9","closed","Savanna Army Depot Helipad",42.183399,-90.255698,650,"NA","US","US-IL","Savanna","no",,,,,,"0LL9"
7292,"0LS0","small_airport","Theriot Field",29.74970054626465,-90.73580169677734,13,"NA","US","US-LA","Thibodaux","no","0LS0",,"0LS0",,,
7294,"0LS2","closed","Evergreen Fourchon Heliport",29.116437,-90.201273,6,"NA","US","US-LA","Golden Meadow","no",,,,,,"0LS2"
7295,"0LS3","heliport","Evergreen Venice Heliport",29.29669952392578,-89.37439727783203,,"NA","US","US-LA","Venice","no","0LS3",,"0LS3",,,
7296,"0LS4","closed","Buller's Airstrip",30.808701,-92.188003,47,"NA","US","US-LA","Bunkie","no",,,,,,"0LS4"
7297,"0LS5","small_airport","Trahan Ultralightport",30.303775,-92.130547,40,"NA","US","US-LA","Carencro","no","0LS5",,"0LS5",,,
7298,"0LS6","small_airport","Dufour Airport",30.787700653076172,-92.05039978027344,42,"NA","US","US-LA","Morrow","no","0LS6",,"0LS6",,,
7299,"0LS7","small_airport","Morgan Field",30.61280059814453,-91.48419952392578,36,"NA","US","US-LA","New Roads","no","0LS7",,"0LS7",,,
7300,"0LS8","small_airport","Lonesome Dove Airfield",30.28580093383789,-92.94129943847656,34,"NA","US","US-LA","Woodlawn","no","0LS8",,"0LS8",,,
7301,"0LS9","small_airport","Huenefeld Airport",32.513603,-91.98657,72,"NA","US","US-LA","Monroe","no","0LS9",,"0LS9",,,
7302,"0MA1","heliport","Massachusetts General Hospital Heliport",42.363656,-71.069142,214,"NA","US","US-MA","Boston","no","0MA1",,"0MA1",,,
7303,"0MA2","heliport","Healthalliance Hospital-Leominster Heliport",42.54090118408203,-71.76280212402344,450,"NA","US","US-MA","Leominster","no","0MA2",,"0MA2",,,
7304,"0MA3","heliport","Reh Heliport",41.786224,-71.231437,100,"NA","US","US-MA","Rehoboth","no","0MA3",,"0MA3",,,
7305,"0MA4","heliport","Boston Medical Center Hospital Heliport",42.333804,-71.071352,19,"NA","US","US-MA","Boston","no","0MA4",,"0MA4",,,
7306,"0MA5","heliport","Brockton Usar Center Heliport",42.05590057373047,-71.05590057373047,85,"NA","US","US-MA","Brockton","no","0MA5",,"0MA5",,,
7307,"0MA6","heliport","Wbz Heliport",42.3651008605957,-71.13259887695312,9,"NA","US","US-MA","Boston","no","0MA6",,"0MA6",,,
7308,"0MA8","closed","Textron/Everett Heliport",42.404496,-71.070602,40,"NA","US","US-MA","Everett","no",,,,,,"0MA8"
7309,"0MA9","heliport","Lleia Kyle O'Meara Heliport",42.50310134887695,-71.90840148925781,1230,"NA","US","US-MA","Westminster","no","0MA9",,"0MA9",,,
7310,"0MD0","heliport","Baltimore Washington Medical Center Heliport",39.1375999451,-76.623298645,77,"NA","US","US-MD","Glen Burnie","no","0MD0",,"0MD0",,,
7311,"0MD1","small_airport","Taylor Field",39.18730163574219,-75.7927017211914,75,"NA","US","US-MD","Sudlersville","no","0MD1",,"0MD1",,,
7312,"0MD2","small_airport","Squier Landing Airport",38.287781,-76.867575,16,"NA","US","US-MD","Newburg","no","0MD2",,"0MD2",,,
7313,"0MD3","closed","Johns Hopkins Hospital Heliport",39.297725,-76.592941,260,"NA","US","US-MD","Baltimore","no",,,,,,"0MD3, 0MD3, 0MD3"
7314,"0MD4","small_airport","Pond View Private Airport",39.26679992675781,-76.18720245361328,47,"NA","US","US-MD","Chestertown","no","0MD4",,"0MD4",,,
7315,"0MD5","closed","UM Laurel Medical Center Heliport",39.087886,-76.882281,285,"NA","US","US-MD","Laurel","no",,,,,,"0MD5, Greater Laurel Beltsville Hospital"
7316,"0MD6","small_airport","Walters Airport",39.38119888305664,-77.10579681396484,750,"NA","US","US-MD","Mount Airy","no","0MD6",,"0MD6",,,
7317,"0MD7","heliport","The Aspen Institute Heliport",38.9093017578125,-76.11969757080078,20,"NA","US","US-MD","Queenstown","no","0MD7",,"0MD7",,,
7318,"0MD8","heliport","Security Ford Heliport",39.24589920043945,-76.67610168457031,30,"NA","US","US-MD","Arbutus","no","0MD8",,"0MD8",,,
7319,"0MD9","heliport","Calvert Memorial Hospital Heliport",38.560846,-76.595979,143,"NA","US","US-MD","Prince Frederick","no","0MD9",,"0MD9",,,
45455,"0ME4","small_airport","Peasley Field",44.742469,-68.474403,271,"NA","US","US-ME","Otis","no","0ME4",,"0ME4",,,
345496,"0ME7","seaplane_base","Sebago Lake Basin Seaplane Base",43.839716,-70.462016,266,"NA","US","US-ME","North Windham","no","0ME7",,"0ME7",,,
7320,"0MI0","closed","Sumner Heliport",42.970001,-85.6659,657,"NA","US","US-MI","Grand Rapids","no",,,,,,"0MI0"
7321,"0MI1","small_airport","Sugar Springs Airpark",44.140301,-84.4375,940,"NA","US","US-MI","Gladwin","no",,,"5M6","http://www.sugarsprings.net/airpark.html",,"0MI1"
7322,"0MI2","closed","Stier Airstrip",44.522202,-83.683296,850,"NA","US","US-MI","Glennie","no",,,,,,"0MI2"
7323,"0MI3","small_airport","Kelleys Airport",44.633399963378906,-84.4833984375,1000,"NA","US","US-MI","Grayling","no","0MI3",,"0MI3",,,
7324,"0MI4","small_airport","Lesterson-Dempsey Airstrip",46.270198,-87.386496,1120,"NA","US","US-MI","Gwinn","no","0MI4",,"0MI4",,,"Lesterson Field"
7325,"0MI6","small_airport","Young's Airport",46.38750076293945,-85.18399810791016,800,"NA","US","US-MI","Hulbert","no","0MI6",,"0MI6",,,
7326,"0MI7","heliport","Four Star Heliport",42.042987,-83.35895,603,"NA","US","US-MI","Carleton","no","0MI7",,"0MI7",,,
7327,"0MI8","small_airport","Twin Lakes Airport",44.894115,-84.297818,1275,"NA","US","US-MI","Lewiston","no",,,"MI55",,,"0MI8"
7328,"0MI9","heliport","Henry Ford Hospital Heliport",42.36750030517578,-83.08439636230469,633,"NA","US","US-MI","Detroit","no","0MI9",,"0MI9",,,
7329,"0MN0","seaplane_base","Winner's Landing Seaplane Base",44.79690170288086,-92.98410034179688,690,"NA","US","US-MN","St Paul Park","no","0MN0",,"0MN0",,,
7330,"0MN1","closed","Brinkman Airport",44.262501,-94.069702,1020,"NA","US","US-MN","St. Peter","no",,,,,,"0MN1"
7331,"0MN2","seaplane_base","Grindstone Lake Seaplane Base",46.13330078125,-93.00299835205078,1025,"NA","US","US-MN","Sandstone","no","0MN2",,"0MN2",,,
7332,"0MN3","seaplane_base","Lower Hay Lake Seaplane Base",46.677799224853516,-94.2925033569336,1230,"NA","US","US-MN","Jenkins","no","0MN3",,"0MN3",,,
7333,"0MN4","seaplane_base","Paul's Seaplane Base",46.47719955444336,-94.3031005859375,1200,"NA","US","US-MN","Nisswa","no","0MN4",,"0MN4",,,
7334,"0MN5","closed","Pankratz Airport",44.307201,-94.916901,1033,"NA","US","US-MN","Springfield","no",,,,,,"0MN5"
7335,"0MN6","small_airport","Matson Field",43.662200927734375,-92.404296875,1365,"NA","US","US-MN","Spring Valley","no","0MN6",,"0MN6",,,
7336,"0MN7","heliport","Ely Bloomenson Community Hospital Heliport",47.89910125732422,-91.87300109863281,1450,"NA","US","US-MN","Ely","no","0MN7",,"0MN7",,,
7337,"0MN8","closed","Keller Airport",45.135799,-92.859398,990,"NA","US","US-MN","Stillwater","no",,,,,,"0MN8"
7338,"0MN9","heliport","Triple H Heliport",45.31330108642578,-93.71759796142578,980,"NA","US","US-MN","Big Lake","no","0MN9",,"0MN9",,,
7339,"0MO0","small_airport","Ferros Ranch-Aero Airport",38.410301208496094,-93.8501968383789,775,"NA","US","US-MO","Clinton","no","0MO0",,"0MO0",,,
7340,"0MO1","small_airport","Flying G Airport",38.54652,-94.096629,920,"NA","US","US-MO","La Tour","no","0MO1",,"0MO1",,,
7341,"0MO2","small_airport","Short-N-Ruff Airport",37.78670120239258,-90.78009796142578,950,"NA","US","US-MO","Caledonia","no","0MO2",,"0MO2",,,
7342,"0MO3","closed","Arvin Ranch Airport",38.4403,-94.5933,1000,"NA","US","US-MO","Drexel","no",,,,,,"0MO3"
7343,"0MO4","heliport","Bert Walter Berkowitz Heliport",39.08530044555664,-94.57379913330078,890,"NA","US","US-MO","Kansas City","no","0MO4",,"0MO4",,,
7344,"0MO5","small_airport","Joe D Lewis Airport",40.133399963378906,-92.1001968383789,780,"NA","US","US-MO","Edina","no","0MO5",,"0MO5",,,
7345,"0MO6","closed","Hall Airport",40.116686,-92.266788,850,"NA","US","US-MO","Hurdland","no",,,,,,"0MO6, Edina"
7346,"0MO7","heliport","St Joseph Hospital West Heliport",38.80329895019531,-90.77629852294922,531,"NA","US","US-MO","Lake Saint Louis","no","0MO7",,"0MO7",,,
7347,"0MO8","small_airport","Sloan's Airport",39.14059829711914,-90.73680114746094,437,"NA","US","US-MO","Elsberry","no","0MO8",,"0MO8",,,
7348,"0MO9","closed","Emerson Heliport",38.729728,-90.280725,575,"NA","US","US-MO","Ferguson","no",,,,,,"0MO9"
7349,"0MS0","small_airport","Topton Air Estates Airport",32.474998474121094,-88.61669921875,453,"NA","US","US-MS","Meridian","no","0MS0",,"0MS0",,,
7350,"0MS1","closed","Franklin Field",31.4252,-90.902901,200,"NA","US","US-MS","Meadville","no",,,,,,"0MS1"
7351,"0MS2","small_airport","Morgan Field",31.541799545288086,-89.3917007446289,300,"NA","US","US-MS","Seminary","no","0MS2",,"0MS2",,,
7352,"0MS3","heliport","Baptist Memorial Hospital-North Ms Heliport",34.347801208496094,-89.51899719238281,430,"NA","US","US-MS","Oxford","no","0MS3",,"0MS3",,,
7353,"0MS4","heliport","Sheriff's Courthouse Heliport",30.375999450683594,-89.08619689941406,50,"NA","US","US-MS","Gulfport","no","0MS4",,"0MS4",,,
7354,"0MS5","closed","Lewis Air Service Airport",33.3918,-90.916801,120,"NA","US","US-MS","Leland","no",,,,,,"0MS5"
7355,"0MS6","heliport","Levert Heliport",30.301300048828125,-89.2344970703125,25,"NA","US","US-MS","Pass Christian","no","0MS6",,"0MS6",,,
7356,"0MS7","closed","Hale Field",34.342602,-89.143097,346,"NA","US","US-MS","Pontotoc","no",,,,,,"0MS7"
7357,"0MS8","small_airport","Catfish Point Airport",33.695352,-91.163484,154,"NA","US","US-MS","Benoit","no","0MS8",,"0MS8",,,
7358,"0MS9","small_airport","Shenandoah Valley Farms Airport",33.80070114135742,-89.02729797363281,300,"NA","US","US-MS","Houston","no","0MS9",,"0MS9",,,
7359,"0MT1","small_airport","Williams Field",47.497501373291016,-112.39099884033203,4070,"NA","US","US-MT","Augusta","no","0MT1",,"0MT1",,,
7360,"0MT2","heliport","Big Sandy Medical Center Heliport",48.1796989440918,-110.10900115966797,2750,"NA","US","US-MT","Big Sandy","no","0MT2",,"0MT2",,,
7361,"0MT3","heliport","Stock Farm Heliport",46.25080108642578,-114.06700134277344,3920,"NA","US","US-MT","Hamilton","no","0MT3",,"0MT3",,,
7362,"0MT4","small_airport","Kimp Airport",46.27859878540039,-114.14099884033203,3510,"NA","US","US-MT","Hamilton","no","0MT4",,"0MT4",,,
7363,"0MT5","small_airport","Cottonwood Airport",45.633771,-108.848248,3350,"NA","US","US-MT","Laurel","no","0MT5",,"0MT5",,,
7364,"0MT6","small_airport","Hanson Airport",48.037607,-114.674478,3900,"NA","US","US-MT","Marion","no","0MT6",,"0MT6",,,
7365,"0MT7","small_airport","Pinehurst Ranch Airport",47.66080093383789,-115.40399932861328,2460,"NA","US","US-MT","Thompson Falls","no","0MT7",,"0MT7",,,
7366,"0MT8","heliport","Glacier Heli Tours Heliport",48.486698150634766,-113.99800109863281,3300,"NA","US","US-MT","West Glacier","no","0MT8",,"0MT8",,,
7367,"0MT9","small_airport","Lone Hawk Airport",48.481172,-114.481659,3284,"NA","US","US-MT","White Fish","no","0MT9",,"0MT9",,,
7368,"0MU0","small_airport","Eagle Field",37.23469924926758,-91.09359741210938,784,"NA","US","US-MO","Ellington","no","0MU0",,"0MU0",,,
7369,"0MU1","small_airport","Sunderland Airport",37.246700286865234,-94.17389678955078,1027,"NA","US","US-MO","Avilla","no","0MU1",,"0MU1",,,
7370,"0MU2","heliport","Christian Hospital Northeast Heliport",38.77692,-90.24151,520,"NA","US","US-MO","Saint Louis","no","0MU2",,"0MU2",,,
7371,"0MU3","heliport","Hannibal Regional Hospital Heliport",39.7111,-91.451934,744,"NA","US","US-MO","Hannibal","no","0MU3",,"33MO",,,
7372,"0MU4","small_airport","Slaughter Airport",39.6161003112793,-92.86689758300781,800,"NA","US","US-MO","Marceline","no","0MU4",,"0MU4",,,
7373,"0MU5","heliport","Holden Heliport",38.71969985961914,-93.99440002441406,865,"NA","US","US-MO","Holden","no","0MU5",,"0MU5",,,
7374,"0MU6","heliport","Bradbury-Rolf Memorial Heliport",39.073299407958984,-93.73590087890625,815,"NA","US","US-MO","Higginsville","no","0MU6",,"0MU6",,,
7375,"0MU7","small_airport","Lambs Field",38.875,-94.13970184326172,1070,"NA","US","US-MO","Lone Jack","no","0MU7",,"0MU7",,,
7376,"0MU8","small_airport","Prince STOLport",37.43870162963867,-89.75900268554688,582,"NA","US","US-MO","Millersville","no","0MU8",,"0MU8",,,
334329,"0MU9","small_airport","RPM Airport",37.337894,-93.164084,1282,"NA","US","US-MO","Fair Grove","no","0MU9",,"0MU9",,,
7377,"0MY0","heliport","Kenyon Heliport",44.333900451660156,-92.94329833984375,1500,"NA","US","US-MN","Kenyon","no","0MY0",,"0MY0",,,
7378,"0MY1","heliport","Bozeman Deaconess Hospital Heliport",45.66999816894531,-111.01899719238281,4925,"NA","US","US-MT","Bozeman","no","0MY1",,"0MY1",,,
7379,"0N0","small_airport","Roosterville Airport",39.291099548339844,-94.44219970703125,1004,"NA","US","US-MO","Liberty","no","0N0",,"0N0",,,
7380,"0N4","small_airport","Chandelle Airport",39.202301,-75.485497,22,"NA","US","US-DE","Dover","no",,,"0N4",,"https://en.wikipedia.org/wiki/Chandelle_Estates_Airport","Chandelle Estates"
7381,"0N5","heliport","Deldot Helistop",39.148231,-75.503451,30,"NA","US","US-DE","Dover","no","K0N5",,"0N5",,,
7382,"0N6","small_airport","Albanna Aviation Airport",39.012602,-75.533501,50,"NA","US","US-DE","Felton","no",,,"28DE",,"https://web.archive.org/web/20170306030610/https://en.wikipedia.org/wiki/Henderson_Aviation_Airport","Henderson Aviation"
7383,"0NA1","small_airport","Goerger Airport",46.245356,-97.038174,1045,"NA","US","US-ND","Barney","no","0NA1",,"0NA1",,,
7384,"0NA5","small_airport","Sorlie Airport",48.0010986328125,-99.56289672851562,1580,"NA","US","US-ND","Maddock","no","0NA5",,"0NA5",,,
7385,"0NA9","small_airport","Boyd's Turf Airport",46.75,-103.801003,2750,"NA","US","US-ND","Golva","no","0NA9",,"0NA9",,,
7386,"0NC0","heliport","Wayne Memorial Hospital Inc. Heliport",35.398799896240234,-77.94969940185547,106,"NA","US","US-NC","Goldsboro","no","0NC0",,"0NC0",,,
7387,"0NC1","closed","Bearwallow Farm Airport",35.4571,-82.375397,3608,"NA","US","US-NC","Hendersonville","no",,,,,,"0NC1"
7388,"0NC2","heliport","Moore Regional Hospital Heliport",35.204973,-79.458234,460,"NA","US","US-NC","Pinehurst","no","0NC2",,"0NC2",,,
7389,"0NC3","heliport","Washington County Hospital Heliport",35.87519836425781,-76.69969940185547,19,"NA","US","US-NC","Plymouth","no","0NC3",,"0NC3",,,
7390,"0NC4","heliport","Wake Medical Center Heliport",35.786800384521484,-78.58580017089844,245,"NA","US","US-NC","Raleigh","no","0NC4",,"0NC4",,,
7391,"0NC5","heliport","Nash General Hospital Heliport",35.91889953613281,-77.78919982910156,156,"NA","US","US-NC","Rocky Mount","no","0NC5",,"0NC5",,,
7392,"0NC6","heliport","Our Community Hospital Heliport",36.13130187988281,-77.41889953613281,113,"NA","US","US-NC","Scotland Neck","no","0NC6",,"0NC6",,,
7393,"0NC7","small_airport","Lindsay Airport",36.36481,-79.99614,700,"NA","US","US-NC","Madison","no","0NC7",,"0NC7",,,
7394,"0NC8","small_airport","Flying S Ranch Airport",35.755699,-80.735298,830,"NA","US","US-NC","Cleveland","no","0NC8",,"0NC8",,,"Double Creek Ranch"
7395,"0NC9","heliport","Maria Parham Health DLP Affiliate Heliport",36.3307,-78.449699,465,"NA","US","US-NC","Henderson","no","0NC9",,"0NC9",,,"Maria Parham Hospital"
7396,"0ND0","small_airport","Gilbertson Field",47.92919921875,-99.40039825439453,1550,"NA","US","US-ND","Flora","no","0ND0",,"0ND0",,,
7397,"0ND6","small_airport","Schumacher Strip",46.05500030517578,-99.91709899902344,2020,"NA","US","US-ND","Hague","no","0ND6",,"0ND6",,,
7398,"0ND7","small_airport","Saville Private Airport",46.465301513671875,-100.1050033569336,1961,"NA","US","US-ND","Hazelton","no","0ND7",,"0ND7",,,
7399,"0NE0","small_airport","Merrihew Airport",41.849998474121094,-101.94999694824219,3815,"NA","US","US-NE","Ashby","no","0NE0",,"0NE0",,,
7400,"0NE1","small_airport","Runner Landing Area Airport",42.40719985961914,-101.93199920654297,3760,"NA","US","US-NE","Ashby","no","0NE1",,"0NE1",,,
7401,"0NE2","closed","Merry Airport",41.8666,-101.917,3791,"NA","US","US-NE","Ashby","no",,,,,,"0NE2"
7402,"0NE3","heliport","Syracuse Hospital Heliport",40.667198181152344,-96.1864013671875,1120,"NA","US","US-NE","Syracuse","no","0NE3",,"0NE3",,,
7403,"0NE4","heliport","Franklin County Memorial Hospital Heliport",40.097198486328125,-98.95040130615234,1950,"NA","US","US-NE","Franklin","no","0NE4",,"0NE4",,,
7404,"0NE5","small_airport","Newman Airport",41.02109909057617,-102.01799774169922,3525,"NA","US","US-NE","Big Springs","no","0NE5",,"0NE5",,,
7405,"0NE6","small_airport","Frager Field",40.43330001831055,-98.07060241699219,1765,"NA","US","US-NE","Fairfield","no","0NE6",,"0NE6",,,
324652,"0NH7","heliport","Leinsing Heliport",43.151831,-70.846902,10,"NA","US","US-NH","Dover","no","0NH7",,"0NH7",,,"2ME7"
7406,"0NJ0","heliport","Atlantic City Medical Center Heliport",39.3589702498,-74.4346717,82,"NA","US","US-NJ","Atlantic City","no","0NJ0",,"0NJ0",,,
7407,"0NJ1","heliport","Berkeley Township Police Heliport",39.90729904174805,-74.23490142822266,54,"NA","US","US-NJ","Bayville","no","0NJ1",,"0NJ1",,,
7408,"0NJ2","heliport","Ballymere Heliport",40.752899169921875,-74.43990325927734,280,"NA","US","US-NJ","Morristown","no","0NJ2",,"0NJ2",,,
7409,"0NJ3","heliport","Mount Holly Heliport",39.966800689697266,-74.79959869384766,45,"NA","US","US-NJ","Mount Holly","no","0NJ3",,"0NJ3",,,
7410,"0NJ4","heliport","Weichert Headquarters Heliport",40.94070053100586,-74.46150207519531,103,"NA","US","US-NJ","Morris Plains","no","0NJ4",,"0NJ4",,,
7411,"0NJ5","small_airport","Fla-Net Airport",40.88589859008789,-74.70570373535156,1040,"NA","US","US-NJ","Netcong","no","0NJ5",,"0NJ5",,,
7412,"0NJ6","small_airport","Dix Field",39.31679916381836,-74.63289642333984,8,"NA","US","US-NJ","Linwood","no","0NJ6",,"0NJ6",,,
7413,"0NJ7","heliport","Essex Generating Station Heliport",40.737818,-74.118655,8,"NA","US","US-NJ","Newark","no","0NJ7",,"0NJ7",,,
7414,"0NJ8","heliport","Port Newark Helistop",40.702301025390625,-74.15070343017578,10,"NA","US","US-NJ","Newark","no","0NJ8",,"0NJ8",,,
7415,"0NJ9","heliport","Jersey Tpke New Brunswick Helistop",40.477298736572266,-74.40789794921875,70,"NA","US","US-NJ","New Brunswick","no","0NJ9",,"0NJ9",,,
7416,"0NK0","small_airport","Berdick Field",42.33399963378906,-78.79090118408203,1690,"NA","US","US-NY","Cattaraugus","no","0NK0",,"0NK0",,,
7417,"0NK1","small_airport","Spring Brook Airport",43.361698150634766,-76.22019958496094,450,"NA","US","US-NY","Central Square","no","0NK1",,"0NK1",,,
7418,"0NK2","small_airport","Westwind Farm Airport",42.9833984375,-74.01619720458984,800,"NA","US","US-NY","Charlton","no","0NK2",,"0NK2",,,
7419,"0NK3","small_airport","Seven Gullies Airport",42.695653,-77.792451,600,"NA","US","US-NY","Groveland","no","0NK3",,"0NK3",,,
7420,"0NK4","heliport","Nassau University Medical Center Heliport",40.726482,-73.552773,80,"NA","US","US-NY","Hempstead","no","0NK4",,"0NK4",,,
7421,"0NK5","closed","Mid-Hudson Helicopter Service Heliport",41.606201,-73.827599,270,"NA","US","US-NY","Hopewell Junction","no",,,,,,"0NK5"
7422,"0NK6","small_airport","Cochran Airport",42.438421,-76.089272,1280,"NA","US","US-NY","Marathon","no","NY92",,"NY92",,,"0NK6, Lapeer Flyer"
7423,"0NK7","heliport","King Street Heliport",41.10279,-73.725087,470,"NA","US","US-NY","Armonk","no","0NK7",,"0NK7",,,"IBM King Street"
7424,"0NK8","closed","Rocky Reef Farm Airport",41.920898,-73.670403,450,"NA","US","US-NY","Attlebury","no",,,,,,"0NK8"
7425,"0NK9","closed","Lakeview Airport",43.009449,-75.826006,1050,"NA","US","US-NY","Chittenango","no",,,,,,"0NK9"
7426,"0NM0","small_airport","Columbus Airport",31.823898,-107.629924,4024,"NA","US","US-NM","Columbus","no","0NM0","CUS","0NM0",,"https://en.wikipedia.org/wiki/Columbus_Municipal_Airport_(New_Mexico)",
7427,"0NM7","small_airport","Negrito Airstrip",33.527901,-108.541001,8143,"NA","US","US-NM","Reserve","no","0NM7",,"0NM7",,,
7428,"0NV1","heliport","Summerlin Medical Center Heliport",36.18192,-115.31647,2745,"NA","US","US-NV","Las Vegas","no","0NV1",,"0NV1",,,
7429,"0NY0","small_airport","Bennetts Airport",43.692973,-73.978013,1040,"NA","US","US-NY","North Creek","no","0NY0",,"0NY0",,,
7430,"0NY1","small_airport","Russell Field",43.139198303222656,-73.6531982421875,260,"NA","US","US-NY","Northumberland","no","0NY1",,"0NY1",,,
346774,"0NY2","heliport","Amar Heliport",41.231009,-74.047353,507,"NA","US","US-NY","Stony Point","no","0NY2",,"0NY2",,,
7431,"0NY3","small_airport","Kermizian Airport",43.31399917602539,-74.93209838867188,1440,"NA","US","US-NY","Ohio","no","0NY3",,"0NY3",,,
347051,"0NY4","heliport","Bridgeview Heliport",41.982698,-73.963206,133,"NA","US","US-NY","Kingston","no","0NY4",,"0NY4",,,
7432,"0NY5","closed","State Police Troop D Heliport",43.07657,-75.64873,507,"NA","US","US-NY","Oneida","no",,,,,,"0NY5"
7433,"0NY6","heliport","New York State Police Troop E Zone 2 Auburn Heliport",42.928843,-76.615734,600,"NA","US","US-NY","Auburn","no","0NY6",,"0NY6",,,
7434,"0NY7","small_airport","Murphys Landing Strip",43.026623,-74.177055,940,"NA","US","US-NY","Amsterdam","no","0NY7",,"0NY7",,,
7435,"0NY8","small_airport","Wenskoski Field",42.99729919433594,-74.24539947509766,800,"NA","US","US-NY","Perth","no","0NY8",,"0NY8",,,
7436,"0O0","seaplane_base","San Luis Reservoir Seaplane Base",37.05830001831055,-121.1259994506836,544,"NA","US","US-CA","Los Banos","no","0O0",,"0O0",,,
7437,"0O4","small_airport","Corning Municipal Airport",39.943599700927734,-122.1709976196289,292,"NA","US","US-CA","Corning","no","0O4",,"0O4",,"https://en.wikipedia.org/wiki/Corning_Municipal_Airport_(California)",
7438,"0O9","small_airport","Ward Field",41.845699310302734,-123.98500061035156,356,"NA","US","US-CA","Gasquet","no","0O9",,"0O9",,,
334336,"0OA2","heliport","Cleveland Clinic, Medina Hospital Heliport",41.137029,-81.836745,983,"NA","US","US-OH","Medina","no","0OA2",,"0OA2",,,
7439,"0OH1","heliport","Cirino Heliport",41.44390106201172,-81.32759857177734,1250,"NA","US","US-OH","Chagrin Falls","no","0OH1",,"0OH1",,,
7440,"0OH2","closed","Jenkins Field",39.970604,-83.911598,1080,"NA","US","US-OH","North Hampton","no",,,,,,"0OH2"
7441,"0OH3","heliport","Hamilton County Sheriff's Patrol Heliport",39.27920150756836,-84.564697265625,865,"NA","US","US-OH","Forest Park","no","0OH3",,"0OH3",,,
322182,"0OH4","heliport","Upper Valley Medical Center Heliport",40.085621,-84.228562,867,"NA","US","US-OH","Troy","no","0OH4",,"0OH4",,,
7442,"0OH6","small_airport","Fry Field",39.60060119628906,-84.01969909667969,775,"NA","US","US-OH","Spring Valley","no","0OH6",,"0OH6",,,
7443,"0OH7","small_airport","Apple Airport",40.152721,-84.173355,1000,"NA","US","US-OH","Piqua","no","0OH7",,"0OH7",,,
7444,"0OH8","small_airport","Fry Airport",40.18840026855469,-84.256103515625,900,"NA","US","US-OH","Piqua","no","0OH8",,"0OH8",,,
7445,"0OH9","closed","Parknavy Airport",40.0717,-83.229897,943,"NA","US","US-OH","Plain City","no",,,,,,"0OH9, STOLport"
7446,"0OI0","heliport","Foltz Heliport",40.73590087890625,-81.2468032836914,1012,"NA","US","US-OH","East Canton","no","0OI0",,"0OI0",,,
7447,"0OI1","closed","Autolite Heliport",41.179199,-83.415199,759,"NA","US","US-OH","Fostoria","no",,,,,,"0OI1"
7448,"0OI2","small_airport","Unger Field",39.359798431396484,-83.4177017211914,940,"NA","US","US-OH","Greenfield","no","0OI2",,"0OI2",,,
7449,"0OI3","small_airport","Galloway Airport",41.38209915161133,-82.71610260009766,643,"NA","US","US-OH","Sandusky","no","0OI3",,"0OI3",,,
7450,"0OI4","closed","Salt Box Airport",41.324265,-81.159309,1250,"NA","US","US-OH","Hiram","no",,,,,,"0OI4"
7451,"0OI6","small_airport","Victor's Landing Airport",41.83810043334961,-80.6436996459961,860,"NA","US","US-OH","Kingsville","no","0OI6",,"0OI6",,,
7452,"0OI9","small_airport","Hidden Quarry Airport",38.894500732421875,-83.1135025024414,830,"NA","US","US-OH","Lucasville","no","0OI9",,"0OI9",,,
7453,"0OK0","closed","Edmond Airport",35.683399,-97.433601,1169,"NA","US","US-OK","Edmond","no",,,,,,"0OK0"
7454,"0OK1","small_airport","Mckey Airport",34.65700149536133,-97.40170288085938,1056,"NA","US","US-OK","Elmore City","no","0OK1",,"0OK1",,,
7455,"0OK2","closed","Parkview Hospital Heliport",35.5298,-97.983902,1349,"NA","US","US-OK","El Reno","no",,,,,,"0OK2"
7456,"0OK3","small_airport","McKinley Ranch Airport",35.614465,-98.534403,1420,"NA","US","US-OK","Geary","no","0OK3",,"0OK3",,,"Groendyke Ranch"
7457,"0OK4","small_airport","Rock Creek Farm Airport",34.66059875488281,-96.25360107421875,730,"NA","US","US-OK","Coal Gate","no","0OK4",,"0OK4",,,
7458,"0OK5","small_airport","Chappell Airport",35.88890075683594,-97.40029907226562,1070,"NA","US","US-OK","Guthrie","no","0OK5",,"0OK5",,,
7459,"0OK6","small_airport","Ellis/Harvey Airport",35.801700592041016,-97.38610076904297,1220,"NA","US","US-OK","Guthrie","no","0OK6",,"0OK6",,,
7460,"0OK7","heliport","Shattuck Hospital Heliport",36.25,-99.87539672851562,2200,"NA","US","US-OK","Shattuck","no","0OK7",,"0OK7",,,
7461,"0OK8","closed","Cade's Airport",36.2925,-97.593102,1140,"NA","US","US-OK","Covington","no",,,,,,"0OK8"
7462,"0OK9","small_airport","Crystal Airport",36.213401794433594,-96.63700103759766,1016,"NA","US","US-OK","Jennings","no","0OK9",,"0OK9",,,
7463,"0OR0","heliport","Providence Hospital Heliport",42.3386993408,-122.861999512,1350,"NA","US","US-OR","Medford","no","0OR0",,"0OR0",,"https://en.wikipedia.org/wiki/Providence_Hospital_Heliport",
7465,"0OR2","heliport","Hendershots Heliport",42.133201599121094,-123.45099639892578,1200,"NA","US","US-OR","Merlin","no","0OR2",,"0OR2",,,
7466,"0OR3","small_airport","Long Ranch Airport",42.01900100708008,-121.7040023803711,4090,"NA","US","US-OR","Merrill","no","0OR3",,"0OR3",,,
7467,"0OR4","heliport","Round Butte Heliport",44.61650085449219,-121.26799774169922,2125,"NA","US","US-OR","Metolius","no","0OR4",,"0OR4",,,
7468,"0OR5","closed","East Oregon Cattle Company Airport",42.505557,-122.863228,1345,"NA","US","US-OR","Eagle Point","no",,,,,,"0OR5, 0OR5, 0OR5"
7469,"0OR6","small_airport","Rome Service Airport",42.834,-117.628998,3387,"NA","US","US-OR","Jordan Valley","no","0OR6",,"0OR6",,,
7470,"0OR7","small_airport","Marr Field",44.854000091552734,-123.26399993896484,275,"NA","US","US-OR","Monmouth","no","0OR7",,"0OR7",,,
7471,"0OR8","small_airport","Sutton on Rogue Airport",42.484798431396484,-122.86599731445312,1260,"NA","US","US-OR","White City","no","0OR8",,"0OR8",,,
7472,"0OR9","small_airport","Hanel Field",45.59260177612305,-121.54900360107422,1626,"NA","US","US-OR","Mount Hood","no","0OR9",,"0OR9",,,
7473,"0P0","closed","Valley Forge Bicentennial Heliport",40.121201,-75.405998,260,"NA","US","US-PA","Norristown","no",,,,,,"0P0, PA06"
7474,"0P1","small_airport","Van Pak Airport",39.83213,-99.568784,2213,"NA","US","US-KS","Prairie View","no","0P1",,"0P1",,,
7475,"0P2","small_airport","Shoestring Aviation Airfield",39.795243,-76.647678,1000,"NA","US","US-PA","Stewartstown","no","K0P2",,"0P2",,,
7476,"0PA0","small_airport","Philadelphia Gliderport",40.331227,-75.248125,670,"NA","US","US-PA","Hilltown","no","3PA2",,"3PA2","https://pgcsoaring.org/gliderport.cfm",,"0PA0"
7477,"0PA1","heliport","Phoenix Technologies Heliport",40.11819839477539,-75.40129852294922,252,"NA","US","US-PA","Norristown","no","0PA1",,"0PA1",,,
7478,"0PA2","small_airport","Haunstein Ultralightport",40.31679916379999,-77.1247024536,600,"NA","US","US-PA","Shermans Dale","no","0PA2",,"0PA2",,,
7479,"0PA3","small_airport","Robbins Farm Airport",41.747319,-76.760624,1207,"NA","US","US-PA","Troy","no","0PA3",,"0PA3",,,
7480,"0PA4","small_airport","Ecko Field",40.23759841918945,-76.72470092773438,380,"NA","US","US-PA","Hummelstown","no","0PA4",,"0PA4",,,
7481,"0PA5","small_airport","Fisher Airport",41.49449920654297,-79.83090209960938,1500,"NA","US","US-PA","Franklin","no","0PA5",,"0PA5",,,
7482,"0PA6","small_airport","Hostetler Airport",40.63090133666992,-77.85030364990234,760,"NA","US","US-PA","Huntingdon","no","0PA6",,"0PA6",,,
7483,"0PA7","closed","Linvill Airport",39.884801,-75.414902,180,"NA","US","US-PA","Media","no",,,,,,"0PA7"
7484,"0PA8","heliport","Geisinger Community Medical Center Heliport",41.399909,-75.646682,508,"NA","US","US-PA","Scranton","no","0PA8",,"0PA8",,,
7485,"0PA9","heliport","Carson Heliport",40.33340072631836,-75.21630096435547,415,"NA","US","US-PA","Perkasie","no","0PA9",,"0PA9",,,
7486,"0PN0","small_airport","Fletcher Airport",41.441875,-80.15537,1335,"NA","US","US-PA","Hadley","no","0PN0",,"0PN0",,,
7487,"0PN1","seaplane_base","Pete's Water Landing Seaplane Base",40.69940185546875,-79.618896484375,757,"NA","US","US-PA","Freeport","no","0PN1",,"0PN1",,,
7488,"0PN2","small_airport","Flying Acres Airport",41.07310104370117,-80.07029724121094,1247,"NA","US","US-PA","Slippery Rock","no","0PN2",,"0PN2",,,
7489,"0PN3","heliport","Wyeth-Ayerst Nr Heliport",40.15869903564453,-75.4634017944336,186,"NA","US","US-PA","Collegeville","no","0PN3",,"0PN3",,,
7490,"0PN4","small_airport","Kitner Airport",40.4128990173,-77.24140167239999,960,"NA","US","US-PA","New Bloomfield","no","0PN4",,"0PN4",,,
7491,"0PN5","small_airport","Nichols Airport",41.77920150756836,-79.59839630126953,1761,"NA","US","US-PA","Spartansburg","no","0PN5",,"0PN5",,,
7492,"0PN6","small_airport","Memmi Airport",40.16899871826172,-77.99250030517578,1138,"NA","US","US-PA","Three Springs","no","0PN6",,"0PN6",,,
7493,"0PN7","small_airport","Drillmore Acres Airport",40.128299713134766,-77.63140106201172,680,"NA","US","US-PA","Newburg","no","0PN7",,"0PN7",,,
7494,"0PN8","small_airport","Shriver Airport",41.606394,-79.684181,1560,"NA","US","US-PA","Titusville","no","0PN8",,"0PN8",,,
7495,"0PN9","closed","Paul Personal Use Airport",41.719501,-79.677803,1645,"NA","US","US-PA","Titusville","no",,,,,,"0PN9"
7496,"0PS0","small_airport","Frederick Airpark",41.37089920043945,-79.3416976928711,1560,"NA","US","US-PA","Tylersburg","no","0PS0",,"0PS0",,,
7497,"0PS1","closed","Mc Crory Stores Heliport",39.981499,-76.671402,420,"NA","US","US-PA","York","no",,,,,,"0PS1"
7498,"0PS2","closed","Marian Heliport",40.989498,-75.751297,1285,"NA","US","US-PA","Weatherly","no",,,,,,"0PS2"
7499,"0PS3","small_airport","Carsonville Airport",40.49039840698242,-76.7666015625,800,"NA","US","US-PA","Carsonville","no","0PS3",,"0PS3",,,
7500,"0PS4","small_airport","Old Orchard Airport",41.009746,-78.561838,1980,"NA","US","US-PA","Curwensville","no","0PS4",,"0PS4",,,
7501,"0PS5","heliport","Used Parts Heliport",40.87929916381836,-75.19270324707031,660,"NA","US","US-PA","East Bangor","no","0PS5",,"0PS5",,,
7502,"0PS6","heliport","Herbst Heliport",39.949501037597656,-76.55329895019531,485,"NA","US","US-PA","East Prospect","no","0PS6",,"0PS6",,,
7503,"0PS7","small_airport","Harman Airport",40.522396,-76.846297,720,"NA","US","US-PA","Elizabethville","no","0PS7",,"0PS7",,,
7504,"0PS8","heliport","Bayfront Garage Heliport",42.132598876953125,-80.08619689941406,1130,"NA","US","US-PA","Erie","no","0PS8",,"0PS8",,,
7505,"0PS9","heliport","Jefferson Health Bucks County Campus Heliport",40.182734,-74.868028,141,"NA","US","US-PA","Fairless Hills","no","0PS9",,"0PS9",,,"Delaware Valley Medical Center"
7506,"0Q3","small_airport","Sonoma Valley Airport",38.223499,-122.449997,10,"NA","US","US-CA","Schellville/Sonoma","no","0Q3",,"0Q3",,"https://en.wikipedia.org/wiki/Sonoma_Valley_Airport",
7507,"0Q4","small_airport","Selma Airport",36.581600189208984,-119.65799713134766,305,"NA","US","US-CA","Selma","no","0Q4",,"0Q4",,,
7508,"0Q6","closed","Shingletown Airport",40.521955,-121.81705,3880,"NA","US","US-CA","Shingletown","no",,,,,"https://en.wikipedia.org/wiki/Shingletown_Airport","0Q6"
7509,"0Q9","small_airport","Sonoma Skypark Airport",38.257702,-122.433998,20,"NA","US","US-CA","Sonoma","no","0Q9",,"0Q9",,"https://en.wikipedia.org/wiki/Sonoma_Skypark",
7510,"0R2","small_airport","Lincoln Municipal Airport",38.4039,-93.333,940,"NA","US","US-MO","Lincoln","no","0R2",,"0R2",,"https://en.wikipedia.org/wiki/Lincoln_Municipal_Airport_(Missouri)",
7511,"0R7","small_airport","The Red River Airport",31.990699768066406,-93.30740356445312,177,"NA","US","US-LA","Coushatta","no","0R7",,"0R7",,,
7512,"0R9","closed","Plainville Airpark",39.1945,-99.303398,2182,"NA","US","US-KS","Plainville","no",,,,,"https://en.wikipedia.org/wiki/Plainville_Airpark","0R9, KS04"
7513,"0S1","small_airport","Meadow Creek USFS Airport",47.847956,-113.416758,3984,"NA","US","US-MT","Hungry Horse","no",,,"0S1",,,
7514,"0S2","closed","Stockton Municipal Airport",39.377201,-99.295097,1973,"NA","US","US-KS","Stockton","no",,,,,,"0S2, KS07"
7515,"0S5","small_airport","Nezperce Municipal Airport",46.238574,-116.23857,3201,"NA","US","US-ID","Nezperce","no","0S5",,"0S5",,,"Kuther Air Service, Nez Perce"
7516,"0SD0","small_airport","Lenling Airport",45.42499923706055,-100.89199829101562,2142,"NA","US","US-SD","Glencross","no","0SD0",,"0SD0",,,
7517,"0SD1","small_airport","Lodi Airport",42.971995,-96.979857,1200,"NA","US","US-SD","Wakonda","no","0SD1",,"0SD1",,,
7518,"0SD2","heliport","Prairie Lakes West Heliport",44.91109848022461,-97.11949920654297,1799,"NA","US","US-SD","Watertown","no","0SD2",,"0SD2",,,
7519,"0SD3","small_airport","Bledsoe Ranch Airport",45.26940155029297,-103.21700286865234,2872,"NA","US","US-SD","Hoover","no","0SD3",,"0SD3",,,
7520,"0SD4","heliport","Brookings Health System Heliport",44.307053,-96.765425,1670,"NA","US","US-SD","Brookings","no","0SD4",,"0SD4",,,"Brookview Manor Heliport"
7521,"0SD5","heliport","The Fort Heliport",43.806400299072266,-103.63700103759766,5800,"NA","US","US-SD","Custer","no","0SD5",,"0SD5",,,
7522,"0SD6","closed","Oasis Ranch Airport",44.292993,-101.830014,2580,"NA","US","US-SD","Philip","no",,,,,,"0SD6"
7523,"0SD7","small_airport","Porch Ranch Airport",43.52432,-101.734714,2775,"NA","US","US-SD","Wanblee","no","0SD7",,"0SD7",,,
7524,"0SD8","small_airport","Juhnke Airport",43.782798767089844,-100.29299926757812,1900,"NA","US","US-SD","Vivian","no","0SD8",,"0SD8",,,
7525,"0SD9","heliport","Crazy Horse Heliport",43.82500076293945,-103.63600158691406,5900,"NA","US","US-SD","Custer","no","0SD9",,"0SD9",,,
7526,"0T3","closed","Ira Biffle Airfield",37.313901,-89.997299,421,"NA","US","US-MO","Marble Hill","no",,,,,,"0T3, Twin City Airpark,"
7527,"0T7","closed","Kittyhawk Airport",33.126202,-96.683601,700,"NA","US","US-TX","Allen","no",,,,,,"0T7"
7528,"0TA0","heliport","HCA Houston Healthcare Mainland Heliport",29.39501,-94.986355,16,"NA","US","US-TX","Texas City","no","0TA0",,"0TA0",,,"Mainland Regional Health Care System"
7529,"0TA1","closed","Buddy Harmel Airport",34.219501,-101.980003,3552,"NA","US","US-TX","Halfway","no",,,,,,"0TA1, 0TA1, 0TA1"
7530,"0TA2","small_airport","Smith Farms Airport",34.213702,-101.923342,3487,"NA","US","US-TX","Halfway","no","0TA2",,"0TA2",,,
7531,"0TA3","closed","Tate Ranch Airport",30.303817,-102.137403,2650,"NA","US","US-TX","Dryden","no",,,,,,"0TA3"
7532,"0TA4","small_airport","Erco Field",32.49789810180664,-96.27050018310547,395,"NA","US","US-TX","Kaufman","no","0TA4",,"0TA4",,,
7533,"0TA5","heliport","Metro Heli-Pad Heliport",29.614700317382812,-95.35489654541016,57,"NA","US","US-TX","Houston","no","0TA5",,"0TA5",,,
7534,"0TA6","closed","Arco Ingleside Shorebase Heliport",27.847799,-97.223,20,"NA","US","US-TX","Ingleside","no",,,,,,"0TA6"
7535,"0TA7","small_airport","Alta Vista Ranch Airport",30.153167,-103.89978,4702,"NA","US","US-TX","Marfa","no","0TA7",,"0TA7",,,
7536,"0TA8","closed","Womack Plantation Airport",33.848701,-95.407204,410,"NA","US","US-TX","Paris","no",,,,,,"0TA8"
7537,"0TA9","heliport","Houston Oil & Minerals Port Bolivar Nr 2 Heliport",29.39109992980957,-94.76409912109375,8,"NA","US","US-TX","Port Bolivar","no","0TA9",,"0TA9",,,
7538,"0TE0","small_airport","Robertson Ranch Airport",29.69300079345703,-101.16200256347656,1663,"NA","US","US-TX","Comstock","no","0TE0",,"0TE0",,,
7539,"0TE1","heliport","Christus Spohn Hospital Memorial Heliport",27.780069,-97.414811,38,"NA","US","US-TX","Corpus Christi","no","0TE1",,"0TE1",,,
7540,"0TE2","heliport","Bell Helicopter Hurst Heliport",32.80009841918945,-97.16699981689453,524,"NA","US","US-TX","Hurst","no","0TE2",,"0TE2",,,
7541,"0TE3","closed","Buzz Field",33.931752,-100.845681,2614,"NA","US","US-TX","Roaring Springs","no",,,,,,"0TE3"
7542,"0TE4","small_airport","Hilltop Lakes Airport",31.08099937438965,-96.21520233154297,501,"NA","US","US-TX","Hilltop Lakes","no","0TE4",,"0TE4",,,
7543,"0TE5","small_airport","Santa Maria Ranch Airport",27.433799743652344,-99.18589782714844,516,"NA","US","US-TX","Laredo","no","0TE5",,"0TE5",,,
7544,"0TE6","small_airport","Gorman Airport",32.20429992675781,-98.66560363769531,1452,"NA","US","US-TX","Gorman","no","0TE6",,"0TE6",,,
7545,"0TE7","small_airport","LBJ Ranch Airport",30.251801,-98.622498,1515,"NA","US","US-TX","Stonewall","no","0TE7","JCY","0TE7",,,
7546,"0TE8","closed","Texas World Speedway Helistop Number 1",30.540501,-96.222504,270,"NA","US","US-TX","College Station","no",,,,,,"0TE8"
7547,"0TE9","closed","Texas World Speedway Helistop Number 2",30.5396,-96.226097,270,"NA","US","US-TX","College Station","no",,,,,,"0TE9"
7548,"0TN0","small_airport","R & S Buzzard Airport",35.676700592041016,-86.89669799804688,810,"NA","US","US-TN","Spring Hill","no","0TN0",,"0TN0",,,
7549,"0TN1","seaplane_base","Tims Ford Seaplane Base",35.2223014831543,-86.22000122070312,785,"NA","US","US-TN","Tullahoma","no","0TN1",,"0TN1",,,
7550,"0TN2","small_airport","Village Airport",35.65589904785156,-84.18550109863281,920,"NA","US","US-TN","Greenback","no","0TN2",,"0TN2",,,
7551,"0TN3","heliport","Park West Heliport",35.917598724365234,-84.1001968383789,1000,"NA","US","US-TN","Knoxville","no","0TN3",,"0TN3",,,
7552,"0TN4","heliport","Physicians Medical Regional Center Heliport",35.991209,-83.927278,790,"NA","US","US-TN","Knoxville","no","0TN4",,"0TN4",,,"St Mary's Medical Center Heliport"
7553,"0TN5","small_airport","McDonald Airport",35.867729,-86.497907,600,"NA","US","US-TN","Murfreesboro","no","0TN5",,"0TN5",,,
7554,"0TN6","small_airport","Riner Farm Airport",36.18339920043945,-84.0990982055664,1125,"NA","US","US-TN","Norris","no","0TN6",,"0TN6",,,
7555,"0TN7","heliport","Horne Properties Heliport",35.92359924316406,-84.09110260009766,975,"NA","US","US-TN","Knoxville","no","0TN7",,"0TN7",,,
7556,"0TN8","heliport","Erlanger Medical Center Heliport",35.049198150634766,-85.29049682617188,745,"NA","US","US-TN","Chattanooga","no","0TN8",,"0TN8",,,
7557,"0TN9","heliport","East Tennessee Children's Hospital Heliport",35.956199645996094,-83.93820190429688,1003,"NA","US","US-TN","Knoxville","no","0TN9",,"0TN9",,,
7558,"0TS0","closed","Flower Mound Airport",33.0229,-97.122498,625,"NA","US","US-TX","Flower Mound","no",,,,,,"0TS0"
7559,"0TS1","small_airport","Dooley Airport",33.098732,-97.272517,650,"NA","US","US-TX","Justin","no","0TS1",,"0TS1",,,
7560,"0TS2","closed","Ultralight International Ultralightport",32.9487,-97.328903,820,"NA","US","US-TX","Haslet","no",,,,,,"0TS2, 0TS2, 0TS2"
7561,"0TS3","closed","Houston Heliport",29.819259,-95.663143,100,"NA","US","US-TX","Houston","no",,,,,,"0TS3, 0TS3, 0TS3"
7562,"0TS4","small_airport","Ullrich Airport",30.091673,-96.794078,410,"NA","US","US-TX","Ledbetter","no","0TS4",,"0TS4",,,
7563,"0TS5","small_airport","Lake Bay Gall Airport",30.4419002532959,-95.1863021850586,230,"NA","US","US-TX","Cleveland","no","0TS5",,"0TS5",,,
7564,"0TS6","heliport","Harris County Courthouse Heliport",29.716100692749023,-95.47689819335938,105,"NA","US","US-TX","Houston","no","0TS6",,"0TS6",,,
7565,"0TS7","small_airport","Flying U Airport",32.834578,-98.125677,978,"NA","US","US-TX","Mineral Wells","no","0TS7",,"0TS7",,,
7566,"0TS8","small_airport","Flying 'K' Ranch Ultralightport",26.150400161743164,-97.88359832763672,81,"NA","US","US-TX","Mercedes","no","0TS8",,"0TS8",,,
7567,"0TS9","closed","Jim Roach Field",30.015499,-97.737197,600,"NA","US","US-TX","Niederwald","no",,,,,,"0TS9"
4777,"0TT8","heliport","Dynasty Heliport",14.960012,145.631075,150,"OC","MP","MP-U-A","San Jose, Tinian","no","0TT8",,"0TT8",,,
7568,"0TX0","small_airport","Nassau Bay Airport",32.41960144042969,-97.71279907226562,714,"NA","US","US-TX","Granbury","no","0TX0",,"0TX0",,,
7569,"0TX1","small_airport","Pecan Plantation Airport",32.353325,-97.676225,710,"NA","US","US-TX","Granbury","no","0TX1",,"0TX1",,,
7570,"0TX2","heliport","Heliport-Facility 5a Heliport",32.76259994506836,-97.05860137939453,546,"NA","US","US-TX","Grand Prairie","no","0TX2",,"0TX2",,,
7571,"0TX3","heliport","UT Health East Texas Carthage Hospital Heliport",32.166429,-94.346098,296,"NA","US","US-TX","Carthage","no","0TX3",,"0TX3",,,"Panola General Hospital"
7572,"0TX4","heliport","Aerospatiale Helicopter Corp Heliport",32.711700439453125,-97.0271987915039,535,"NA","US","US-TX","Grand Prairie","no","0TX4",,"0TX4",,,
7573,"0TX5","heliport","Shiloh Heliport",33.023382,-97.120589,635,"NA","US","US-TX","Flower Mound","no","0TX5",,"0TX5",,,"shiloh airport, shiloh heliport"
7574,"0TX6","small_airport","Elm Creek Airpark",29.505199432373047,-97.99690246582031,550,"NA","US","US-TX","Seguin","no","0TX6",,"0TX6",,,
7575,"0TX7","closed","Lazy K Acres Airport",32.950102,-97.150297,700,"NA","US","US-TX","Grapevine","no",,,,,,"0TX7"
7576,"0TX8","closed","Jacobia Field",33.180401,-96.043297,570,"NA","US","US-TX","Greenville","no",,,,,,
7577,"0TX9","small_airport","Card Aerodrome",33.250099182128906,-96.11689758300781,540,"NA","US","US-TX","Greenville","no","0TX9",,"0TX9",,,
7578,"0U0","small_airport","Landmark US Forest Service Airport",44.6423988342,-115.532997131,6662,"NA","US","US-ID","Landmark","no","0U0",,"0U0",,,
7579,"0U1","small_airport","Warm Springs Creek Airport",44.1421012878418,-115.31400299072266,4831,"NA","US","US-ID","Lowman","no","0U1",,"0U1",,,
7580,"0U2","small_airport","Copper Basin Airport",43.80179977416992,-113.83100128173828,7920,"NA","US","US-ID","Mackay","no","0U2",,"0U2",,,
7581,"0U3","small_airport","Mahoney Creek US Forest Service Airport",44.744598,-114.920998,4618,"NA","US","US-ID","Challis","no",,,"0U3",,,
7582,"0U7","small_airport","Hollow Top Airport",43.32490158081055,-113.58799743652344,5359,"NA","US","US-ID","Martin","no","0U7",,"0U7",,,
7583,"0U8","small_airport","May Airport",44.610198974609375,-113.89600372314453,5324,"NA","US","US-ID","May","no","0U8",,"0U8",,,
7584,"0U9","small_airport","Lee Williams Memorial Airport",44.461257,-116.757964,2617,"NA","US","US-ID","Midvale","no","K0U9",,"0U9",,,
7585,"0VA0","closed","Mostly Harmless Heliport",37.965401,-77.777496,330,"NA","US","US-VA","Bumpass","no",,,,,,"0VA0"
7586,"0VA1","small_airport","Johnson Fox Field",37.23350143432617,-79.58529663085938,900,"NA","US","US-VA","Bedford","no","0VA1",,"0VA1",,,
7587,"0VA2","small_airport","Riverwood Airport",37.79650115966797,-79.7667007446289,1020,"NA","US","US-VA","Iron Gate","no","0VA2",,"0VA2",,,
7588,"0VA3","small_airport","Hunt Airport",37.698799,-77.095299,150,"NA","US","US-VA","King William","no","0VA3",,"0VA3",,,
7589,"0VA4","small_airport","Worley Field",36.95009994506836,-79.87950134277344,1219,"NA","US","US-VA","Rocky Mount","no","0VA4",,"0VA4",,,
7590,"0VA5","closed","Coffman Field",37.694144,-77.660894,280,"NA","US","US-VA","Richmond","no",,,,,,"0VA5, Rockville"
7591,"0VA6","heliport","Mc Guire Va Medical Center Pad Heliport",37.49599838259999,-77.46219635010002,178,"NA","US","US-VA","Richmond","no","0VA6",,"0VA6",,,
7592,"0VA7","small_airport","Flatrock Air Strip",37.52320098876953,-77.81939697265625,425,"NA","US","US-VA","Richmond","no","0VA7",,"0VA7",,,
7593,"0VA8","small_airport","Jayarz Airport",37.285801,-77.791199,210,"NA","US","US-VA","Amelia Court House","no","0VA8",,"0VA8",,,
7594,"0VA9","small_airport","Handy Strip",37.4473991394043,-76.45379638671875,8,"NA","US","US-VA","Gloucester Court House","no","0VA9",,"0VA9",,,
7595,"0VI1","small_airport","Brooklyn Airport",37.6889,-77.101402,145,"NA","US","US-VA","King William","no","0VI1",,"0VI1",,,
7596,"0W0","seaplane_base","Seattle Seaplanes Seaplane Base",47.627601623535156,-122.33200073242188,14,"NA","US","US-WA","Seattle","no","0W0",,"0W0",,,
7597,"0W7","seaplane_base","Floathaven Seaplane Base",48.72819900512695,-122.33599853515625,307,"NA","US","US-WA","Bellingham","no","0W7",,"0W7",,,
7598,"0WA0","heliport","Streamline Heliport",47.982898712158,-122.03800201416,116,"NA","US","US-WA","Machias","no","0WA0",,"0WA0",,,
7599,"0WA1","small_airport","Dwight Field",46.61709976196289,-122.82599639892578,350,"NA","US","US-WA","Chehalis","no","0WA1",,"0WA1",,,
7600,"0WA2","small_airport","Curtis Airport",46.589748,-123.105011,254,"NA","US","US-WA","Chehalis","no","0WA2",,"0WA2",,,
7601,"0WA3","closed","Air Columbia Heliport",45.682599,-121.900002,149,"NA","US","US-WA","Stevenson","no",,,,,,"0WA3"
7602,"0WA4","heliport","Macon Heliport",47.436238,-120.279515,1250,"NA","US","US-WA","East Wenatchee","no","0WA4",,"0WA4",,,"Hansen Heliport"
7603,"0WA5","heliport","Ware Mountain Heliport",48.37929916381836,-122.28800201416016,750,"NA","US","US-WA","Mount Vernon","no","0WA5",,"0WA5",,,
7604,"0WA6","heliport","Stevens Memorial Hospital Heliport",47.8036994934082,-122.33399963378906,370,"NA","US","US-WA","Edmonds","no","0WA6",,"0WA6",,,
7605,"0WA7","heliport","Shamrock Port Heliport",47.77690124511719,-117.08399963378906,2172,"NA","US","US-WA","Newman Lake","no","0WA7",,"0WA7",,,
7606,"0WA8","heliport","Childrens Hospital Emergency Heliport",47.66400146484375,-122.28099822998047,125,"NA","US","US-WA","Seattle","no","0WA8",,"0WA8",,,
7607,"0WA9","heliport","Naval Station Everett Heliport",47.986460601,-122.224295139,5,"NA","US","US-WA","Everett","no","0WA9",,"0WA9",,,
7608,"0WI0","heliport","Aurora St Luke's Medical Center Heliport",42.98889923095703,-87.95149993896484,761,"NA","US","US-WI","Milwaukee","no","0WI0",,"0WI0",,,
7609,"0WI1","small_airport","Mort's Landing Airport",45.507198333699996,-92.1418991089,1255,"NA","US","US-WI","Comstock","no","0WI1",,"0WI1",,,
7610,"0WI2","small_airport","Doering Farms Airfield",43.20140075683594,-88.3333969116211,910,"NA","US","US-WI","Monches","no","0WI2",,"0WI2",,,
7611,"0WI3","heliport","Aurora Lakeland Medical Center Heliport",42.661291,-88.497861,1040,"NA","US","US-WI","Elkhorn","no","0WI3",,"0WI3",,,
7612,"0WI4","small_airport","Snow Crest Ranch Airport",43.82939910888672,-89.35260009765625,810,"NA","US","US-WI","Montello","no","0WI4",,"0WI4",,,
7613,"0WI5","small_airport","Crash In International Airport",42.793399810791016,-87.8906021118164,755,"NA","US","US-WI","Husher","no","0WI5",,"0WI5",,,
7614,"0WI6","small_airport","Simandl Field/Private Airport",42.8736000061,-88.1578979492,805,"NA","US","US-WI","Muskego","no","0WI6",,"0WI6",,,
7615,"0WI7","small_airport","With Wings And A Halo Airport",44.1335983276,-88.4992980957,760,"NA","US","US-WI","Neenah","no","0WI7",,"0WI7",,,
7616,"0WI8","small_airport","Oconomowoc Airport",43.13890075683594,-88.47229766845703,885,"NA","US","US-WI","Oconomowoc","no","0WI8",,"0WI8",,,
7617,"0WI9","small_airport","Mc Manus Hoonch-Na-Shee-Kaw Airport",42.9314002991,-89.3386993408,931,"NA","US","US-WI","Oregon","no","0WI9",,"0WI9",,,
7618,"0WN0","small_airport","Rucilla's Roost Airport",48.137298583984375,-123.11299896240234,15,"NA","US","US-WA","Sequim","no","0WN0",,"0WN0",,,
7619,"0WN1","small_airport","Shangri-La Airport",46.75189971923828,-120.60199737548828,1500,"NA","US","US-WA","Selah","no","0WN1",,"0WN1",,,
45908,"0WN2","small_airport","Coopers Landing Airport",46.127573,-119.014273,435,"NA","US","US-WA","Kennewick","no","0WN2",,"0WN2",,,
7621,"0WN4","heliport","Olympia Heliport",46.9640007019043,-122.89199829101562,200,"NA","US","US-WA","Olympia","no","0WN4",,"0WN4",,,
7622,"0WN5","small_airport","Potts Field",42.79970169067383,-88.04869842529297,815,"NA","US","US-WI","North Cape","no","0WN5",,"0WN5",,,
7623,"0WN6","heliport","L-Z Blue Thunder Heliport",48.952522,-122.818136,75,"NA","US","US-WA","Blaine","no","0WN6",,"0WN6",,,
7624,"0WN7","heliport","St Elizabeth Hospital Heliport",47.209449,-121.987726,700,"NA","US","US-WA","Enumclaw","no","0WN7",,"0WN7",,,"Enumclaw Community Hospital Heliport"
7625,"0WN8","heliport","Sheldon Heliport",47.2510986328125,-116.85199737548828,2129,"NA","US","US-ID","Coeur D'Alene","no","0WN8",,"0WN8",,,
45906,"0WN9","closed","Wings For Christ Airport",48.426729,-119.484544,1000,"NA","US","US-WA","Omak","no",,,,,,"0WN9"
346234,"0WS7","small_airport","Rockdale Airport",42.970979,-89.028482,825,"NA","US","US-WI","Rockdale","no","0WS7",,"0WS7",,,
45936,"0WY0","small_airport","Freedom Air Ranch Airport",43.039722,-111.038056,5698,"NA","US","US-WY","Freedom","no","0WY0",,"0WY0",,,
45935,"0WY1","small_airport","Dorsey Creek Ranch Airport",44.411111,-108.163333,4017,"NA","US","US-WY","Basin","no","0WY1",,"0WY1",,,
7626,"0XA0","heliport","Parkland Hospital Nr 2 Heliport",32.811537,-96.838976,548,"NA","US","US-TX","Dallas","no",,,,,,"0XA0"
337658,"0XA1","heliport","Kothmann Ranch Heliport",30.678963,-100.130183,2347,"NA","US","US-TX","Fort McKavett","no","0XA1",,"0XA1",,,
